 ,Label,Area,X,Y,XM,YM,Major,Minor,Angle,Circ.,AR,Round,Solidity
1,5_8p4_28p68:slice:1,1180,735.766,199.496,735.766,199.496,68.976,21.782,108.742,0.531,3.167,0.316,0.869
2,5_8p4_28p68:slice:1,42,260.881,285.286,260.881,285.286,8.934,5.986,40.433,0.888,1.492,0.670,0.857
3,5_8p4_28p68:slice:1,1677,177.570,353.395,177.570,353.395,82.813,25.784,122.236,0.549,3.212,0.311,0.888
4,5_8p4_28p68:slice:1,57,1115.342,367.167,1115.342,367.167,9.362,7.752,24.750,0.985,1.208,0.828,0.905
5,5_8p4_28p68:slice:1,1847,485.367,544.355,485.367,544.355,90.696,25.929,115.719,0.473,3.498,0.286,0.882
6,5_8p4_28p68:slice:1,1433,918.798,655.930,918.798,655.930,86.871,21.003,121.990,0.437,4.136,0.242,0.861
7,5_8p4_28p68:slice:1,157,1226.354,691.990,1226.354,691.990,20.245,9.874,172.457,0.834,2.050,0.488,0.935
8,5_8p4_28p68:slice:1,321,1148.861,819.435,1148.861,819.435,26.668,15.326,158.808,0.811,1.740,0.575,0.933
9,5_8p4_28p68:slice:1,207,77.147,880.176,77.147,880.176,25.584,10.302,170.425,0.716,2.483,0.403,0.910
10,5_8p4_28p68:slice:1,189,164.474,919.791,164.474,919.791,23.829,10.099,168.111,0.728,2.360,0.424,0.902
11,5_8p4_28p68:slice:1,235,259.879,924.683,259.879,924.683,45.755,6.539,159.281,0.293,6.997,0.143,0.674
12,5_8p4_28p68:slice:1,167,629.985,924.674,629.985,924.674,21.566,9.859,163.224,0.744,2.187,0.457,0.895
13,5_8p4_28p68:slice:1,1682,523.536,992.115,523.536,992.115,86.941,24.633,115.555,0.490,3.529,0.283,0.889
14,5_8p4_28p68:slice:1,171,1118.909,961.599,1118.909,961.599,21.564,10.096,162.080,0.745,2.136,0.468,0.891
15,5_8p4_28p68:slice:1,174,705.195,1121.523,705.195,1121.523,22.341,9.917,158.158,0.742,2.253,0.444,0.911
16,5_8p4_28p68:slice:1,282,121.273,1237.475,121.273,1237.475,23.799,15.087,156.833,0.433,1.577,0.634,0.699
17,5_8p4_28p68:slice:2,1207,738.501,202.785,738.501,202.785,58.835,26.121,113.387,0.635,2.252,0.444,0.908
18,5_8p4_28p68:slice:2,44,261.250,284.205,261.250,284.205,9.313,6.015,43.977,0.930,1.548,0.646,0.889
19,5_8p4_28p68:slice:2,1451,178.596,354.118,178.596,354.118,84.565,21.847,117.331,0.460,3.871,0.258,0.847
20,5_8p4_28p68:slice:2,57,1115.342,367.167,1115.342,367.167,9.362,7.752,24.750,0.985,1.208,0.828,0.905
21,5_8p4_28p68:slice:2,1813,485.872,546.604,485.872,546.604,89.198,25.879,112.947,0.503,3.447,0.290,0.888
22,5_8p4_28p68:slice:2,1171,918.412,657.175,918.412,657.175,86.961,17.145,115.064,0.362,5.072,0.197,0.818
23,5_8p4_28p68:slice:2,318,1225.340,694.434,1225.340,694.434,45.603,8.879,119.296,0.414,5.136,0.195,0.837
24,5_8p4_28p68:slice:2,511,1147.126,821.101,1147.126,821.101,62.118,10.474,118.359,0.365,5.931,0.169,0.846
25,5_8p4_28p68:slice:2,434,76.475,882.583,76.475,882.583,61.171,9.033,119.532,0.330,6.772,0.148,0.804
26,5_8p4_28p68:slice:2,391,164.198,922.191,164.198,922.191,54.893,9.069,118.154,0.361,6.053,0.165,0.805
27,5_8p4_28p68:slice:2,331,628.992,926.331,628.992,926.331,48.611,8.670,116.558,0.377,5.607,0.178,0.812
28,5_8p4_28p68:slice:2,236,259.941,924.720,259.941,924.720,45.797,6.561,159.201,0.295,6.980,0.143,0.676
29,5_8p4_28p68:slice:2,334,1118.072,963.569,1118.072,963.569,48.601,8.750,116.461,0.391,5.554,0.180,0.821
30,5_8p4_28p68:slice:2,1772,523.679,993.610,523.679,993.610,87.701,25.726,114.942,0.510,3.409,0.293,0.890
31,5_8p4_28p68:slice:2,348,705.046,1122.790,705.046,1122.790,50.023,8.858,115.165,0.377,5.647,0.177,0.819
32,5_8p4_28p68:slice:2,284,121.352,1237.500,121.352,1237.500,23.988,15.074,156.836,0.438,1.591,0.628,0.701
33,5_8p4_28p68:slice:3,1188,739.966,204.185,739.966,204.185,62.296,24.281,121.407,0.592,2.566,0.390,0.890
34,5_8p4_28p68:slice:3,44,261.909,283.909,261.909,283.909,9.644,5.809,45.000,0.930,1.660,0.602,0.889
35,5_8p4_28p68:slice:3,1732,180.797,356.355,180.797,356.355,90.392,24.396,111.551,0.450,3.705,0.270,0.858
36,5_8p4_28p68:slice:3,58,1115.379,367.103,1115.379,367.103,9.481,7.789,29.211,0.960,1.217,0.822,0.913
37,5_8p4_28p68:slice:3,1920,487.416,548.833,487.416,548.833,86.659,28.210,112.900,0.522,3.072,0.326,0.890
38,5_8p4_28p68:slice:3,1445,919.510,660.756,919.510,660.756,82.104,22.408,106.289,0.499,3.664,0.273,0.890
39,5_8p4_28p68:slice:3,205,1225.744,695.817,1225.744,695.817,26.737,9.762,82.097,0.682,2.739,0.365,0.907
40,5_8p4_28p68:slice:3,376,1147.886,821.801,1147.886,821.801,35.916,13.329,85.169,0.649,2.695,0.371,0.915
41,5_8p4_28p68:slice:3,274,78.219,884.234,78.219,884.234,34.664,10.064,80.721,0.570,3.444,0.290,0.893
42,5_8p4_28p68:slice:3,230,165.961,923.996,165.961,923.996,29.388,9.965,77.912,0.620,2.949,0.339,0.893
43,5_8p4_28p68:slice:3,233,259.886,924.680,259.886,924.680,45.779,6.480,159.197,0.291,7.064,0.142,0.674
44,5_8p4_28p68:slice:3,189,630.632,927.870,630.632,927.870,24.588,9.787,75.768,0.666,2.512,0.398,0.892
45,5_8p4_28p68:slice:3,189,1120.082,965.193,1120.082,965.193,24.179,9.952,76.131,0.705,2.429,0.412,0.915
46,5_8p4_28p68:slice:3,1673,525.820,996.843,525.820,996.843,86.728,24.561,113.231,0.481,3.531,0.283,0.880
47,5_8p4_28p68:slice:3,187,707.832,1124.334,707.832,1124.334,23.598,10.090,71.152,0.700,2.339,0.428,0.878
48,5_8p4_28p68:slice:3,285,121.226,1237.528,121.226,1237.528,23.711,15.304,158.035,0.446,1.549,0.645,0.702
49,5_8p4_28p68:slice:4,1169,738.314,204.339,738.314,204.339,60.011,24.802,119.808,0.632,2.420,0.413,0.902
50,5_8p4_28p68:slice:4,42,260.571,284.833,260.571,284.833,9.140,5.851,49.920,0.951,1.562,0.640,0.913
51,5_8p4_28p68:slice:4,1854,180.223,359.329,180.223,359.329,91.194,25.885,111.207,0.454,3.523,0.284,0.875
52,5_8p4_28p68:slice:4,58,1115.276,367.224,1115.276,367.224,9.598,7.694,27.950,0.960,1.248,0.802,0.913
53,5_8p4_28p68:slice:4,1923,487.997,551.138,487.997,551.138,88.279,27.735,113.329,0.517,3.183,0.314,0.895
54,5_8p4_28p68:slice:4,1645,921.499,662.330,921.499,662.330,77.176,27.139,104.382,0.558,2.844,0.352,0.890
55,5_8p4_28p68:slice:4,165,1227.433,697.852,1227.433,697.852,21.124,9.946,164.306,0.766,2.124,0.471,0.914
56,5_8p4_28p68:slice:4,344,1150.823,823.770,1150.823,823.770,27.995,15.646,155.446,0.756,1.789,0.559,0.916
57,5_8p4_28p68:slice:4,217,81.353,886.196,81.353,886.196,27.253,10.138,165.882,0.685,2.688,0.372,0.897
58,5_8p4_28p68:slice:4,234,259.842,924.679,259.842,924.679,45.717,6.517,159.251,0.292,7.015,0.143,0.671
59,5_8p4_28p68:slice:4,198,169.061,925.626,169.061,925.626,25.098,10.045,163.280,0.698,2.499,0.400,0.906
60,5_8p4_28p68:slice:4,170,632.924,928.700,632.924,928.700,22.470,9.633,158.947,0.741,2.333,0.429,0.907
61,5_8p4_28p68:slice:4,182,1122.264,966.687,1122.264,966.687,23.137,10.016,158.959,0.731,2.310,0.433,0.892
62,5_8p4_28p68:slice:4,1709,528.150,997.901,528.150,997.901,83.706,25.995,110.070,0.519,3.220,0.311,0.884
63,5_8p4_28p68:slice:4,188,709.638,1126.649,709.638,1126.649,23.695,10.102,154.440,0.718,2.346,0.426,0.900
64,5_8p4_28p68:slice:4,283,121.302,1237.472,121.302,1237.472,23.845,15.111,157.022,0.443,1.578,0.634,0.701
65,5_8p4_28p68:slice:5,1221,739.565,207.442,739.565,207.442,70.778,21.965,121.938,0.528,3.222,0.310,0.892
66,5_8p4_28p68:slice:5,43,260.733,284.198,260.733,284.198,8.920,6.138,52.356,0.909,1.453,0.688,0.869
67,5_8p4_28p68:slice:5,2073,181.227,360.198,181.227,360.198,90.036,29.315,112.932,0.491,3.071,0.326,0.877
68,5_8p4_28p68:slice:5,59,1115.314,367.076,1115.314,367.076,9.510,7.899,24.585,0.976,1.204,0.831,0.922
69,5_8p4_28p68:slice:5,2086,490.367,552.841,490.367,552.841,86.769,30.610,115.191,0.561,2.835,0.353,0.897
70,5_8p4_28p68:slice:5,2039,924.582,664.213,924.582,664.213,73.008,35.560,113.577,0.584,2.053,0.487,0.879
71,5_8p4_28p68:slice:5,328,1228.290,699.445,1228.290,699.445,47.527,8.787,118.352,0.399,5.409,0.185,0.813
72,5_8p4_28p68:slice:5,535,1151.840,827.515,1151.840,827.515,63.945,10.653,117.773,0.367,6.003,0.167,0.857
73,5_8p4_28p68:slice:5,450,81.780,888.336,81.780,888.336,63.780,8.983,118.242,0.307,7.100,0.141,0.797
74,5_8p4_28p68:slice:5,401,169.315,928.004,169.315,928.004,57.206,8.925,116.256,0.341,6.410,0.156,0.789
75,5_8p4_28p68:slice:5,342,632.898,931.047,632.898,931.047,49.797,8.745,115.257,0.377,5.695,0.176,0.814
76,5_8p4_28p68:slice:5,233,259.886,924.680,259.886,924.680,45.779,6.480,159.197,0.291,7.064,0.142,0.674
77,5_8p4_28p68:slice:5,341,1121.820,969.180,1121.820,969.180,49.988,8.686,114.999,0.376,5.755,0.174,0.824
78,5_8p4_28p68:slice:5,1897,528.303,1000.830,528.303,1000.830,79.955,30.209,111.771,0.580,2.647,0.378,0.897
79,5_8p4_28p68:slice:5,348,708.974,1129.422,708.974,1129.422,50.226,8.822,112.710,0.364,5.693,0.176,0.807
80,5_8p4_28p68:slice:5,283,121.207,1237.479,121.207,1237.479,23.652,15.234,157.473,0.451,1.553,0.644,0.703
81,5_8p4_28p68:slice:6,1198,740.470,207.890,740.470,207.890,83.101,18.355,115.054,0.418,4.527,0.221,0.846
82,5_8p4_28p68:slice:6,41,261.427,283.549,261.427,283.549,8.862,5.890,52.784,0.884,1.504,0.665,0.882
83,5_8p4_28p68:slice:6,1865,182.734,360.984,182.734,360.984,88.156,26.936,116.579,0.530,3.273,0.306,0.892
84,5_8p4_28p68:slice:6,60,1115.250,367.133,1115.250,367.133,9.736,7.846,27.908,0.952,1.241,0.806,0.930
85,5_8p4_28p68:slice:6,1955,491.544,554.568,491.544,554.568,87.302,28.512,119.372,0.542,3.062,0.327,0.886
86,5_8p4_28p68:slice:6,1710,925.002,666.074,925.002,666.074,75.302,28.913,130.197,0.552,2.604,0.384,0.869
87,5_8p4_28p68:slice:6,190,1228.626,700.711,1228.626,700.711,24.604,9.832,79.282,0.703,2.502,0.400,0.888
88,5_8p4_28p68:slice:6,368,1152.462,829.688,1152.462,829.688,33.485,13.993,83.606,0.675,2.393,0.418,0.914
89,5_8p4_28p68:slice:6,252,82.817,890.488,82.817,890.488,31.963,10.038,76.446,0.592,3.184,0.314,0.895
90,5_8p4_28p68:slice:6,233,259.998,924.723,259.998,924.723,45.691,6.493,159.302,0.291,7.037,0.142,0.675
91,5_8p4_28p68:slice:6,217,170.196,930.449,170.196,930.449,27.308,10.118,73.677,0.655,2.699,0.371,0.900
92,5_8p4_28p68:slice:6,182,633.654,933.286,633.654,933.286,23.319,9.938,71.711,0.707,2.347,0.426,0.897
93,5_8p4_28p68:slice:6,180,1122.683,971.350,1122.683,971.350,22.919,10.000,73.074,0.729,2.292,0.436,0.900
94,5_8p4_28p68:slice:6,1697,528.296,1002.369,528.296,1002.369,78.740,27.441,116.826,0.559,2.869,0.348,0.895
95,5_8p4_28p68:slice:6,173,710.795,1131.269,710.795,1131.269,22.132,9.953,66.911,0.731,2.224,0.450,0.899
96,5_8p4_28p68:slice:6,281,121.336,1237.489,121.336,1237.489,23.918,14.959,157.274,0.442,1.599,0.625,0.703
97,5_8p4_28p68:slice:7,1212,740.649,207.975,740.649,207.975,78.351,19.696,108.492,0.466,3.978,0.251,0.856
98,5_8p4_28p68:slice:7,41,260.963,283.598,260.963,283.598,8.958,5.828,46.274,0.910,1.537,0.651,0.863
99,5_8p4_28p68:slice:7,1725,183.324,363.137,183.324,363.137,85.383,25.723,114.030,0.488,3.319,0.301,0.883
100,5_8p4_28p68:slice:7,60,1115.250,367.133,1115.250,367.133,9.736,7.846,27.908,0.952,1.241,0.806,0.930
101,5_8p4_28p68:slice:7,1754,491.385,556.156,491.385,556.156,89.158,25.048,119.063,0.488,3.559,0.281,0.875
102,5_8p4_28p68:slice:7,1215,925.390,668.254,925.390,668.254,81.490,18.984,129.647,0.427,4.293,0.233,0.831
103,5_8p4_28p68:slice:7,176,1230.006,703.790,1230.006,703.790,22.652,9.893,156.501,0.744,2.290,0.437,0.900
104,5_8p4_28p68:slice:7,349,1153.864,832.993,1153.864,832.993,30.378,14.628,148.341,0.719,2.077,0.482,0.897
105,5_8p4_28p68:slice:7,233,85.255,892.976,85.255,892.976,28.954,10.246,157.725,0.641,2.826,0.354,0.888
106,5_8p4_28p68:slice:7,235,259.985,924.721,259.985,924.721,45.857,6.525,159.146,0.293,7.028,0.142,0.679
107,5_8p4_28p68:slice:7,212,172.665,932.245,172.665,932.245,26.492,10.189,155.428,0.676,2.600,0.385,0.896
108,5_8p4_28p68:slice:7,188,635.324,934.431,635.324,934.431,24.093,9.935,152.637,0.733,2.425,0.412,0.906
109,5_8p4_28p68:slice:7,1589,529.359,1001.292,529.359,1001.292,78.471,25.783,115.609,0.563,3.044,0.329,0.901
110,5_8p4_28p68:slice:7,189,1124.542,973.045,1124.542,973.045,24.218,9.936,151.139,0.716,2.437,0.410,0.896
111,5_8p4_28p68:slice:7,201,712.938,1132.749,712.938,1132.749,25.443,10.059,147.910,0.705,2.529,0.395,0.897
112,5_8p4_28p68:slice:7,284,121.261,1237.496,121.261,1237.496,23.795,15.197,157.598,0.444,1.566,0.639,0.701
113,5_8p4_28p68:slice:8,1378,741.522,211.174,741.522,211.174,73.879,23.749,106.370,0.529,3.111,0.321,0.851
114,5_8p4_28p68:slice:8,42,260.286,284.881,260.286,284.881,8.934,5.986,49.567,0.888,1.492,0.670,0.857
115,5_8p4_28p68:slice:8,1734,184.542,366.803,184.542,366.803,82.553,26.744,112.740,0.483,3.087,0.324,0.868
116,5_8p4_28p68:slice:8,59,1115.314,367.161,1115.314,367.161,9.730,7.721,31.523,0.936,1.260,0.794,0.922
117,5_8p4_28p68:slice:8,1637,492.381,559.013,492.381,559.013,92.108,22.629,115.130,0.450,4.070,0.246,0.884
118,5_8p4_28p68:slice:8,802,926.289,670.100,926.289,670.100,83.157,12.280,113.396,0.328,6.772,0.148,0.867
119,5_8p4_28p68:slice:8,326,1230.660,705.380,1230.660,705.380,48.587,8.543,115.378,0.373,5.687,0.176,0.799
120,5_8p4_28p68:slice:8,19,781.816,765.711,781.816,765.711,5.278,4.583,11.232,0.796,1.152,0.868,0.717
121,5_8p4_28p68:slice:8,536,1154.612,833.664,1154.612,833.664,65.327,10.447,114.778,0.352,6.253,0.160,0.855
122,5_8p4_28p68:slice:8,451,86.826,894.382,86.826,894.382,64.727,8.872,115.425,0.301,7.296,0.137,0.788
123,5_8p4_28p68:slice:8,403,174.242,933.666,174.242,933.666,57.526,8.920,113.564,0.313,6.449,0.155,0.800
124,5_8p4_28p68:slice:8,233,259.998,924.723,259.998,924.723,45.691,6.493,159.302,0.291,7.037,0.142,0.675
125,5_8p4_28p68:slice:8,337,636.372,935.251,636.372,935.251,49.652,8.642,112.115,0.363,5.746,0.174,0.801
126,5_8p4_28p68:slice:8,337,1125.521,974.542,1125.521,974.542,49.808,8.615,111.369,0.373,5.782,0.173,0.819
127,5_8p4_28p68:slice:8,1652,532.538,1005.441,532.538,1005.441,80.859,26.013,115.547,0.537,3.108,0.322,0.903
128,5_8p4_28p68:slice:8,341,713.301,1134.864,713.301,1134.864,49.549,8.762,109.499,0.375,5.655,0.177,0.833
129,5_8p4_28p68:slice:8,283,121.302,1237.472,121.302,1237.472,23.845,15.111,157.022,0.443,1.578,0.634,0.701
130,5_8p4_28p68:slice:9,1297,742.973,212.253,742.973,212.253,63.170,26.142,114.122,0.568,2.416,0.414,0.873
131,5_8p4_28p68:slice:9,38,260.789,284.263,260.789,284.263,8.913,5.428,53.801,0.905,1.642,0.609,0.874
132,5_8p4_28p68:slice:9,1796,186.902,367.103,186.902,367.103,80.024,28.576,115.315,0.557,2.800,0.357,0.885
133,5_8p4_28p68:slice:9,57,1115.342,367.167,1115.342,367.167,9.362,7.752,24.750,0.985,1.208,0.828,0.905
134,5_8p4_28p68:slice:9,1846,494.767,559.860,494.767,559.860,92.639,25.372,109.918,0.473,3.651,0.274,0.882
135,5_8p4_28p68:slice:9,1389,927.688,670.460,927.688,670.460,87.071,20.311,103.346,0.421,4.287,0.233,0.875
136,5_8p4_28p68:slice:9,183,1231.768,705.970,1231.768,705.970,23.666,9.846,72.262,0.705,2.404,0.416,0.888
137,5_8p4_28p68:slice:9,354,1155.090,834.364,1155.090,834.364,31.751,14.196,77.802,0.688,2.237,0.447,0.912
138,5_8p4_28p68:slice:9,239,87.479,896.441,87.479,896.441,30.035,10.132,71.171,0.614,2.965,0.337,0.892
139,5_8p4_28p68:slice:9,233,259.886,924.680,259.886,924.680,45.779,6.480,159.197,0.291,7.064,0.142,0.674
140,5_8p4_28p68:slice:9,209,174.782,936.380,174.782,936.380,26.233,10.144,67.164,0.679,2.586,0.387,0.897
141,5_8p4_28p68:slice:9,167,636.656,937.650,636.656,937.650,21.989,9.670,64.613,0.728,2.274,0.440,0.908
142,5_8p4_28p68:slice:9,1703,531.958,1008.602,531.958,1008.602,84.689,25.603,114.694,0.504,3.308,0.302,0.891
143,5_8p4_28p68:slice:9,171,1125.868,977.465,1125.868,977.465,21.695,10.036,64.378,0.762,2.162,0.463,0.907
144,5_8p4_28p68:slice:9,169,713.802,1138.086,713.802,1138.086,21.468,10.023,59.379,0.753,2.142,0.467,0.906
145,5_8p4_28p68:slice:9,282,121.273,1237.475,121.273,1237.475,23.799,15.087,156.833,0.433,1.577,0.634,0.699
146,5_8p4_28p68:slice:10,1060,745.525,214.069,745.525,214.069,59.210,22.794,120.664,0.584,2.598,0.385,0.884
147,5_8p4_28p68:slice:10,43,262.105,283.221,262.105,283.221,9.342,5.861,50.592,0.909,1.594,0.627,0.878
148,5_8p4_28p68:slice:10,1733,188.149,368.901,188.149,368.901,80.576,27.384,115.615,0.573,2.942,0.340,0.899
149,5_8p4_28p68:slice:10,58,1115.276,367.224,1115.276,367.224,9.598,7.694,27.950,0.960,1.248,0.802,0.913
150,5_8p4_28p68:slice:10,2041,495.291,561.643,495.291,561.643,91.846,28.294,108.284,0.500,3.246,0.308,0.894
151,5_8p4_28p68:slice:10,1800,928.155,672.808,928.155,672.808,83.606,27.412,102.350,0.509,3.050,0.328,0.887
152,5_8p4_28p68:slice:10,187,1232.527,710.179,1232.527,710.179,23.940,9.946,153.115,0.694,2.407,0.415,0.882
153,5_8p4_28p68:slice:10,371,1156.656,839.487,1156.656,839.487,32.155,14.691,145.514,0.721,2.189,0.457,0.922
154,5_8p4_28p68:slice:10,245,89.141,900.818,89.141,900.818,30.719,10.155,153.061,0.621,3.025,0.331,0.904
155,5_8p4_28p68:slice:10,233,259.886,924.680,259.886,924.680,45.779,6.480,159.197,0.291,7.064,0.142,0.674
156,5_8p4_28p68:slice:10,227,176.504,940.403,176.504,940.403,28.676,10.079,151.879,0.646,2.845,0.351,0.888
157,5_8p4_28p68:slice:10,199,637.791,941.083,637.791,941.083,25.813,9.816,149.634,0.672,2.630,0.380,0.890
158,5_8p4_28p68:slice:10,1785,532.070,1009.266,532.070,1009.266,86.188,26.369,113.988,0.497,3.269,0.306,0.891
159,5_8p4_28p68:slice:10,206,1127.136,980.990,1127.136,980.990,26.303,9.972,147.025,0.690,2.638,0.379,0.888
160,5_8p4_28p68:slice:10,210,715.786,1140.914,715.786,1140.914,26.983,9.909,144.322,0.690,2.723,0.367,0.899
161,5_8p4_28p68:slice:10,283,121.302,1237.472,121.302,1237.472,23.845,15.111,157.022,0.443,1.578,0.634,0.701
162,5_8p4_28p68:slice:11,1005,745.727,217.382,745.727,217.382,69.289,18.468,119.701,0.491,3.752,0.267,0.881
163,5_8p4_28p68:slice:11,43,261.198,284.337,261.198,284.337,9.273,5.904,43.121,0.954,1.571,0.637,0.878
164,5_8p4_28p68:slice:11,1788,187.895,371.869,187.895,371.869,81.943,27.782,116.914,0.573,2.949,0.339,0.897
165,5_8p4_28p68:slice:11,58,1115.379,367.103,1115.379,367.103,9.481,7.789,29.211,0.960,1.217,0.822,0.913
166,5_8p4_28p68:slice:11,2331,495.932,564.149,495.932,564.149,88.779,33.430,114.476,0.564,2.656,0.377,0.894
167,5_8p4_28p68:slice:11,2225,929.128,674.069,929.128,674.069,80.610,35.144,115.941,0.538,2.294,0.436,0.871
168,5_8p4_28p68:slice:11,336,1232.836,711.985,1232.836,711.985,49.241,8.688,113.899,0.380,5.668,0.176,0.805
169,5_8p4_28p68:slice:11,536,1157.315,841.838,1157.315,841.838,65.549,10.411,113.313,0.352,6.296,0.159,0.856
170,5_8p4_28p68:slice:11,463,90.217,902.219,90.217,902.219,65.416,9.012,113.980,0.303,7.259,0.138,0.796
171,5_8p4_28p68:slice:11,233,259.886,924.680,259.886,924.680,45.779,6.480,159.197,0.291,7.064,0.142,0.674
172,5_8p4_28p68:slice:11,408,177.701,941.721,177.701,941.721,57.284,9.068,111.994,0.334,6.317,0.158,0.806
173,5_8p4_28p68:slice:11,332,638.648,941.831,638.648,941.831,48.515,8.713,110.686,0.371,5.568,0.180,0.814
174,5_8p4_28p68:slice:11,336,1127.723,981.935,1127.723,981.935,48.725,8.780,110.523,0.392,5.549,0.180,0.831
175,5_8p4_28p68:slice:11,1834,533.586,1010.980,533.586,1010.980,87.190,26.782,117.056,0.529,3.256,0.307,0.892
176,5_8p4_28p68:slice:11,330,716.330,1141.752,716.330,1141.752,47.368,8.870,107.899,0.398,5.340,0.187,0.837
177,5_8p4_28p68:slice:11,283,121.323,1237.504,121.323,1237.504,23.943,15.050,156.653,0.429,1.591,0.629,0.699
178,5_8p4_28p68:slice:12,1192,745.598,219.116,745.598,219.116,83.903,18.089,113.512,0.418,4.638,0.216,0.854
179,5_8p4_28p68:slice:12,41,260.890,284.671,260.890,284.671,9.083,5.747,50.688,0.910,1.580,0.633,0.863
180,5_8p4_28p68:slice:12,1788,188.940,373.485,188.940,373.485,87.191,26.110,117.905,0.527,3.339,0.299,0.887
181,5_8p4_28p68:slice:12,59,1115.314,367.161,1115.314,367.161,9.730,7.721,31.523,0.936,1.260,0.794,0.922
182,5_8p4_28p68:slice:12,1964,497.904,566.780,497.904,566.780,87.061,28.723,119.650,0.524,3.031,0.330,0.892
183,5_8p4_28p68:slice:12,1624,930.950,677.445,930.950,677.445,77.952,26.526,125.890,0.563,2.939,0.340,0.885
184,5_8p4_28p68:slice:12,171,1234.500,713.237,1234.500,713.237,21.867,9.957,68.141,0.762,2.196,0.455,0.900
185,5_8p4_28p68:slice:12,335,1159.434,845.070,1159.434,845.070,28.569,14.930,74.511,0.760,1.914,0.523,0.917
186,5_8p4_28p68:slice:12,220,91.932,904.041,91.932,904.041,27.620,10.142,65.180,0.659,2.723,0.367,0.898
187,5_8p4_28p68:slice:12,231,260.011,924.760,260.011,924.760,45.828,6.418,159.375,0.292,7.141,0.140,0.677
188,5_8p4_28p68:slice:12,192,179.193,944.234,179.193,944.234,24.139,10.127,61.454,0.699,2.384,0.420,0.893
189,5_8p4_28p68:slice:12,159,639.965,944.003,639.965,944.003,20.637,9.810,59.336,0.765,2.104,0.475,0.901
190,5_8p4_28p68:slice:12,1671,533.162,1012.252,533.162,1012.252,87.900,24.204,113.518,0.488,3.632,0.275,0.879
191,5_8p4_28p68:slice:12,161,1128.935,984.991,1128.935,984.991,20.375,10.061,59.177,0.774,2.025,0.494,0.902
192,5_8p4_28p68:slice:12,159,717.563,1144.695,717.563,1144.695,20.294,9.976,52.037,0.820,2.034,0.492,0.919
193,5_8p4_28p68:slice:12,280,121.243,1237.432,121.243,1237.432,23.693,15.047,156.484,0.438,1.575,0.635,0.698
194,5_8p4_28p68:slice:13,1264,746.279,218.289,746.279,218.289,80.969,19.877,114.091,0.449,4.074,0.245,0.849
195,5_8p4_28p68:slice:13,43,261.500,283.500,261.500,283.500,8.998,6.085,56.164,0.909,1.479,0.676,0.860
196,5_8p4_28p68:slice:13,1753,190.073,373.207,190.073,373.207,88.830,25.126,117.199,0.499,3.535,0.283,0.883
197,5_8p4_28p68:slice:13,58,1115.379,367.103,1115.379,367.103,9.481,7.789,29.211,0.960,1.217,0.822,0.913
198,5_8p4_28p68:slice:13,1729,499.025,568.137,499.025,568.137,89.055,24.720,118.386,0.483,3.603,0.278,0.880
199,5_8p4_28p68:slice:13,1275,932.419,679.058,932.419,679.058,77.109,21.053,121.867,0.480,3.663,0.273,0.885
200,5_8p4_28p68:slice:13,197,1235.515,716.510,1235.515,716.510,25.402,9.874,146.829,0.711,2.572,0.389,0.895
201,5_8p4_28p68:slice:13,380,1159.626,849.282,1159.626,849.282,35.369,13.680,140.455,0.668,2.586,0.387,0.906
202,5_8p4_28p68:slice:13,263,92.971,908.462,92.971,908.462,33.006,10.146,146.746,0.585,3.253,0.307,0.874
203,5_8p4_28p68:slice:13,233,259.886,924.680,259.886,924.680,45.779,6.480,159.197,0.291,7.064,0.142,0.674
204,5_8p4_28p68:slice:13,213,640.153,946.636,640.153,946.636,27.400,9.898,143.098,0.682,2.768,0.361,0.893
205,5_8p4_28p68:slice:13,239,180.211,948.077,180.211,948.077,30.263,10.055,144.995,0.622,3.010,0.332,0.875
206,5_8p4_28p68:slice:13,1717,534.085,1014.468,534.085,1014.468,83.651,26.134,109.837,0.514,3.201,0.312,0.884
207,5_8p4_28p68:slice:13,212,1129.061,988.524,1129.061,988.524,27.709,9.741,141.555,0.678,2.844,0.352,0.889
208,5_8p4_28p68:slice:13,221,718.029,1147.459,718.029,1147.459,28.661,9.818,139.299,0.659,2.919,0.343,0.880
209,5_8p4_28p68:slice:13,282,121.248,1237.454,121.248,1237.454,23.703,15.148,156.884,0.449,1.565,0.639,0.703
210,5_8p4_28p68:slice:14,1375,747.260,219.197,747.260,219.197,82.808,21.142,115.518,0.450,3.917,0.255,0.855
211,5_8p4_28p68:slice:14,42,261.500,283.905,261.500,283.905,9.272,5.767,54.112,0.951,1.608,0.622,0.913
212,5_8p4_28p68:slice:14,1774,191.166,375.547,191.166,375.547,90.652,24.916,114.855,0.463,3.638,0.275,0.876
213,5_8p4_28p68:slice:14,59,1115.314,367.161,1115.314,367.161,9.730,7.721,31.523,0.936,1.260,0.794,0.922
214,5_8p4_28p68:slice:14,1631,500.770,572.047,500.770,572.047,87.680,23.684,112.903,0.466,3.702,0.270,0.868
215,5_8p4_28p68:slice:14,1138,934.128,682.623,934.128,682.623,78.241,18.519,111.085,0.431,4.225,0.237,0.863
216,5_8p4_28p68:slice:14,337,1235.601,718.269,1235.601,718.269,48.614,8.826,110.195,0.389,5.508,0.182,0.826
217,5_8p4_28p68:slice:14,530,1159.611,850.238,1159.611,850.238,64.572,10.451,109.965,0.358,6.179,0.162,0.858
218,5_8p4_28p68:slice:14,451,93.613,909.473,93.613,909.473,64.649,8.882,110.707,0.290,7.278,0.137,0.772
219,5_8p4_28p68:slice:14,234,259.923,924.684,259.923,924.684,45.817,6.503,159.227,0.292,7.046,0.142,0.677
220,5_8p4_28p68:slice:14,398,181.033,949.193,181.033,949.193,55.684,9.100,108.827,0.352,6.119,0.163,0.827
221,5_8p4_28p68:slice:14,331,640.769,947.171,640.769,947.171,47.115,8.945,107.321,0.404,5.267,0.190,0.844
222,5_8p4_28p68:slice:14,326,1129.816,989.445,1129.816,989.445,46.857,8.858,107.124,0.398,5.290,0.189,0.838
223,5_8p4_28p68:slice:14,1883,536.499,1016.378,536.499,1016.378,79.590,30.123,113.391,0.569,2.642,0.378,0.896
224,5_8p4_28p68:slice:14,314,719.153,1147.987,719.153,1147.987,45.069,8.871,105.189,0.407,5.081,0.197,0.843
225,5_8p4_28p68:slice:14,283,121.302,1237.472,121.302,1237.472,23.845,15.111,157.022,0.443,1.578,0.634,0.701
226,5_8p4_28p68:slice:15,1206,746.769,221.976,746.769,221.976,76.452,20.085,108.954,0.486,3.806,0.263,0.852
227,5_8p4_28p68:slice:15,41,260.305,284.720,260.305,284.720,8.848,5.900,55.898,0.928,1.500,0.667,0.882
228,5_8p4_28p68:slice:15,1775,190.829,378.636,190.829,378.636,90.932,24.854,112.050,0.463,3.659,0.273,0.880
229,5_8p4_28p68:slice:15,57,1115.342,367.167,1115.342,367.167,9.362,7.752,24.750,0.985,1.208,0.828,0.905
230,5_8p4_28p68:slice:15,1830,501.032,573.537,501.032,573.537,88.008,26.475,110.839,0.509,3.324,0.301,0.886
231,5_8p4_28p68:slice:15,1442,934.897,683.416,934.897,683.416,77.688,23.633,106.991,0.489,3.287,0.304,0.884
232,5_8p4_28p68:slice:15,164,1236.951,719.976,1236.951,719.976,20.685,10.095,60.727,0.789,2.049,0.488,0.909
233,5_8p4_28p68:slice:15,328,1161.040,850.171,1161.040,850.171,27.685,15.085,67.776,0.768,1.835,0.545,0.916
234,5_8p4_28p68:slice:15,214,95.724,910.808,95.724,910.808,26.660,10.220,58.112,0.672,2.609,0.383,0.882
235,5_8p4_28p68:slice:15,230,260.013,924.770,260.013,924.770,45.748,6.401,159.389,0.287,7.147,0.140,0.668
236,5_8p4_28p68:slice:15,153,642.435,948.075,642.435,948.075,19.680,9.899,49.292,0.816,1.988,0.503,0.911
237,5_8p4_28p68:slice:15,183,183.249,950.533,183.249,950.533,23.313,9.994,53.295,0.744,2.333,0.429,0.895
238,5_8p4_28p68:slice:15,1673,537.967,1017.850,537.967,1017.850,79.132,26.919,117.718,0.549,2.940,0.340,0.891
239,5_8p4_28p68:slice:15,155,1131.719,991.087,1131.719,991.087,19.525,10.107,50.597,0.800,1.932,0.518,0.888
240,5_8p4_28p68:slice:15,157,720.717,1149.672,720.717,1149.672,19.749,10.122,44.380,0.810,1.951,0.513,0.905
241,5_8p4_28p68:slice:15,279,121.253,1237.475,121.253,1237.475,23.728,14.971,156.953,0.439,1.585,0.631,0.702
242,5_8p4_28p68:slice:16,1249,748.986,224.763,748.986,224.763,64.300,24.732,103.512,0.546,2.600,0.385,0.887
243,5_8p4_28p68:slice:16,39,259.859,284.474,259.859,284.474,8.641,5.747,52.199,0.929,1.504,0.665,0.886
244,5_8p4_28p68:slice:16,1892,192.201,379.796,192.201,379.796,88.819,27.122,110.126,0.513,3.275,0.305,0.891
245,5_8p4_28p68:slice:16,60,1115.250,367.133,1115.250,367.133,9.736,7.846,27.908,0.952,1.241,0.806,0.930
246,5_8p4_28p68:slice:16,2036,502.719,574.867,502.719,574.867,88.318,29.352,110.568,0.539,3.009,0.332,0.895
247,5_8p4_28p68:slice:16,1764,936.598,683.836,936.598,683.836,76.911,29.202,108.143,0.560,2.634,0.380,0.883
248,5_8p4_28p68:slice:16,212,1239.057,722.741,1239.057,722.741,27.138,9.946,144.031,0.678,2.729,0.367,0.880
249,5_8p4_28p68:slice:16,406,1163.771,854.751,1163.771,854.751,37.122,13.925,138.959,0.677,2.666,0.375,0.918
250,5_8p4_28p68:slice:16,284,97.968,915.014,97.968,915.014,35.500,10.186,143.692,0.575,3.485,0.287,0.870
251,5_8p4_28p68:slice:16,234,259.842,924.679,259.842,924.679,45.717,6.517,159.251,0.292,7.015,0.143,0.671
252,5_8p4_28p68:slice:16,224,643.643,951.576,643.643,951.576,29.318,9.728,139.808,0.640,3.014,0.332,0.880
253,5_8p4_28p68:slice:16,263,185.131,954.530,185.131,954.530,33.008,10.145,141.332,0.613,3.254,0.307,0.887
254,5_8p4_28p68:slice:16,230,1132.735,995.048,1132.735,995.048,29.768,9.838,138.476,0.652,3.026,0.330,0.888
255,5_8p4_28p68:slice:16,1557,538.214,1020.364,538.214,1020.364,79.149,25.047,116.179,0.546,3.160,0.316,0.903
256,5_8p4_28p68:slice:16,241,721.512,1154.313,721.512,1154.313,31.383,9.777,135.940,0.655,3.210,0.312,0.908
257,5_8p4_28p68:slice:16,281,121.258,1237.496,121.258,1237.496,23.738,15.072,157.354,0.450,1.575,0.635,0.707
258,5_8p4_28p68:slice:17,1317,752.514,228.187,752.514,228.187,58.771,28.532,121.892,0.632,2.060,0.485,0.896
259,5_8p4_28p68:slice:17,41,261.646,284.427,261.646,284.427,9.186,5.683,52.498,0.928,1.616,0.619,0.911
260,5_8p4_28p68:slice:17,2108,194.718,381.762,194.718,381.762,84.726,31.678,113.072,0.543,2.675,0.374,0.895
261,5_8p4_28p68:slice:17,57,1115.342,367.167,1115.342,367.167,9.362,7.752,24.750,0.985,1.208,0.828,0.905
262,5_8p4_28p68:slice:17,2221,502.674,577.074,502.674,577.074,87.770,32.219,117.128,0.564,2.724,0.367,0.902
263,5_8p4_28p68:slice:17,1898,936.944,687.348,936.944,687.348,79.968,30.220,120.783,0.553,2.646,0.378,0.866
264,5_8p4_28p68:slice:17,324,1238.207,724.978,1238.207,724.978,46.792,8.816,108.315,0.393,5.308,0.188,0.812
265,5_8p4_28p68:slice:17,523,1162.364,856.345,1162.364,856.345,61.906,10.757,108.344,0.376,5.755,0.174,0.875
266,5_8p4_28p68:slice:17,444,97.356,916.556,97.356,916.556,62.259,9.080,108.904,0.321,6.857,0.146,0.819
267,5_8p4_28p68:slice:17,232,259.961,924.720,259.961,924.720,45.654,6.470,159.272,0.290,7.056,0.142,0.672
268,5_8p4_28p68:slice:17,384,184.870,956.036,184.870,956.036,53.288,9.175,106.830,0.378,5.808,0.172,0.842
269,5_8p4_28p68:slice:17,312,643.128,952.821,643.128,952.821,44.212,8.985,105.182,0.429,4.921,0.203,0.858
270,5_8p4_28p68:slice:17,314,1132.303,996.373,1132.303,996.373,43.844,9.119,105.150,0.432,4.808,0.208,0.863
271,5_8p4_28p68:slice:17,1591,539.224,1024.215,539.224,1024.215,80.944,25.026,115.180,0.531,3.234,0.309,0.906
272,5_8p4_28p68:slice:17,299,721.975,1154.704,721.975,1154.704,41.480,9.178,102.468,0.464,4.520,0.221,0.869
273,5_8p4_28p68:slice:17,281,121.219,1237.457,121.219,1237.457,23.656,15.124,156.687,0.439,1.564,0.639,0.701
274,5_8p4_28p68:slice:18,1189,751.267,227.913,751.267,227.913,60.407,25.061,126.655,0.627,2.410,0.415,0.898
275,5_8p4_28p68:slice:18,42,260.357,284.071,260.357,284.071,9.269,5.769,54.365,0.951,1.607,0.622,0.913
276,5_8p4_28p68:slice:18,1829,195.049,383.830,195.049,383.830,82.069,28.375,118.289,0.520,2.892,0.346,0.881
277,5_8p4_28p68:slice:18,58,1115.276,367.224,1115.276,367.224,9.598,7.694,27.950,0.960,1.248,0.802,0.913
278,5_8p4_28p68:slice:18,1952,502.257,578.748,502.257,578.748,92.115,26.981,120.283,0.518,3.414,0.293,0.894
279,5_8p4_28p68:slice:18,1572,936.813,688.951,936.813,688.951,85.466,23.419,123.749,0.467,3.649,0.274,0.860
280,5_8p4_28p68:slice:18,156,1239.282,726.596,1239.282,726.596,19.869,9.997,52.863,0.805,1.988,0.503,0.891
281,5_8p4_28p68:slice:18,316,1165.250,860.047,1165.250,860.047,24.923,16.144,60.570,0.828,1.544,0.648,0.912
282,5_8p4_28p68:slice:18,192,100.328,918.828,100.328,918.828,24.347,10.041,52.013,0.721,2.425,0.412,0.891
283,5_8p4_28p68:slice:18,233,259.886,924.680,259.886,924.680,45.779,6.480,159.197,0.291,7.064,0.142,0.674
284,5_8p4_28p68:slice:18,148,645.635,954.243,645.635,954.243,19.103,9.864,42.948,0.809,1.937,0.516,0.894
285,5_8p4_28p68:slice:18,173,187.512,957.645,187.512,957.645,21.748,10.128,46.087,0.798,2.147,0.466,0.911
286,5_8p4_28p68:slice:18,1670,540.105,1023.294,540.105,1023.294,83.671,25.413,113.970,0.516,3.292,0.304,0.898
287,5_8p4_28p68:slice:18,149,1134.775,997.755,1134.775,997.755,18.595,10.203,40.525,0.856,1.823,0.549,0.903
288,5_8p4_28p68:slice:18,148,724.736,1156.466,724.736,1156.466,18.754,10.048,35.437,0.809,1.866,0.536,0.902
289,5_8p4_28p68:slice:18,283,121.302,1237.472,121.302,1237.472,23.845,15.111,157.022,0.443,1.578,0.634,0.701
290,5_8p4_28p68:slice:19,1050,750.726,230.176,750.726,230.176,62.401,21.424,124.573,0.570,2.913,0.343,0.883
291,5_8p4_28p68:slice:19,42,260.000,285.500,260.000,285.500,9.169,5.832,49.140,0.870,1.572,0.636,0.840
292,5_8p4_28p68:slice:19,1630,195.856,386.626,195.856,386.626,82.192,25.251,116.938,0.515,3.255,0.307,0.883
293,5_8p4_28p68:slice:19,59,1115.314,367.161,1115.314,367.161,9.730,7.721,31.523,0.936,1.260,0.794,0.922
294,5_8p4_28p68:slice:19,1740,503.387,580.107,503.387,580.107,93.555,23.681,118.373,0.480,3.951,0.253,0.894
295,5_8p4_28p68:slice:19,1298,937.796,689.202,937.796,689.202,87.259,18.940,121.348,0.406,4.607,0.217,0.853
296,5_8p4_28p68:slice:19,217,1241.970,729.915,1241.970,729.915,28.588,9.665,139.592,0.664,2.958,0.338,0.880
297,5_8p4_28p68:slice:19,415,1167.469,863.298,1167.469,863.298,40.423,13.072,135.010,0.614,3.092,0.323,0.902
298,5_8p4_28p68:slice:19,305,103.615,922.454,103.615,922.454,38.049,10.206,138.979,0.560,3.728,0.268,0.880
299,5_8p4_28p68:slice:19,234,259.842,924.679,259.842,924.679,45.717,6.517,159.251,0.292,7.015,0.143,0.671
300,5_8p4_28p68:slice:19,236,647.703,956.903,647.703,956.903,31.012,9.689,135.480,0.626,3.201,0.312,0.881
301,5_8p4_28p68:slice:19,270,190.274,961.144,190.274,961.144,34.566,9.945,137.369,0.580,3.476,0.288,0.867
302,5_8p4_28p68:slice:19,1812,541.189,1024.236,541.189,1024.236,84.888,27.178,113.372,0.524,3.123,0.320,0.899
303,5_8p4_28p68:slice:19,235,1136.772,1001.381,1136.772,1001.381,31.695,9.440,134.813,0.618,3.357,0.298,0.899
304,5_8p4_28p68:slice:19,252,725.643,1160.504,725.643,1160.504,33.358,9.619,132.364,0.588,3.468,0.288,0.875
305,5_8p4_28p68:slice:19,282,121.273,1237.475,121.273,1237.475,23.799,15.087,156.833,0.433,1.577,0.634,0.699
306,5_8p4_28p68:slice:20,1095,751.843,233.230,751.843,233.230,80.287,17.365,116.855,0.419,4.624,0.216,0.870
307,5_8p4_28p68:slice:20,41,260.037,284.402,260.037,284.402,8.958,5.828,46.274,0.910,1.537,0.651,0.863
308,5_8p4_28p68:slice:20,1581,198.412,389.358,198.412,389.358,81.128,24.813,114.100,0.520,3.270,0.306,0.898
309,5_8p4_28p68:slice:20,60,1115.250,367.133,1115.250,367.133,9.736,7.846,27.908,0.952,1.241,0.806,0.930
310,5_8p4_28p68:slice:20,1697,505.095,581.719,505.095,581.719,93.097,23.209,111.612,0.453,4.011,0.249,0.898
311,5_8p4_28p68:slice:20,1291,939.794,691.630,939.794,691.630,86.534,18.996,109.041,0.397,4.555,0.220,0.866
312,5_8p4_28p68:slice:20,318,1241.623,729.717,1241.623,729.717,44.549,9.089,105.265,0.417,4.902,0.204,0.844
313,5_8p4_28p68:slice:20,511,1165.940,863.306,1165.940,863.306,59.093,11.010,104.822,0.397,5.367,0.186,0.869
314,5_8p4_28p68:slice:20,433,102.477,922.796,102.477,922.796,59.836,9.214,104.868,0.337,6.494,0.154,0.846
315,5_8p4_28p68:slice:20,236,259.903,924.682,259.903,924.682,45.789,6.562,159.299,0.295,6.978,0.143,0.677
316,5_8p4_28p68:slice:20,292,646.466,957.500,646.466,957.500,41.201,9.024,100.736,0.462,4.566,0.219,0.869
317,5_8p4_28p68:slice:20,366,189.484,962.240,189.484,962.240,49.797,9.358,102.643,0.402,5.321,0.188,0.864
318,5_8p4_28p68:slice:20,291,1135.411,1002.428,1135.411,1002.428,41.062,9.023,100.846,0.458,4.551,0.220,0.865
319,5_8p4_28p68:slice:20,1855,541.449,1027.404,541.449,1027.404,87.232,27.076,116.405,0.513,3.222,0.310,0.881
320,5_8p4_28p68:slice:20,282,724.691,1161.940,724.691,1161.940,39.004,9.206,98.586,0.502,4.237,0.236,0.895
321,5_8p4_28p68:slice:20,284,121.268,1237.504,121.268,1237.504,23.756,15.221,157.452,0.444,1.561,0.641,0.701
322,5_8p4_28p68:slice:21,1175,753.068,231.543,753.068,231.543,81.126,18.441,107.578,0.429,4.399,0.227,0.859
323,5_8p4_28p68:slice:21,41,261.549,283.329,261.549,283.329,9.183,5.685,52.134,0.884,1.615,0.619,0.882
324,5_8p4_28p68:slice:21,1769,201.075,391.042,201.075,391.042,83.066,27.115,113.351,0.552,3.063,0.326,0.876
325,5_8p4_28p68:slice:21,58,1115.379,367.103,1115.379,367.103,9.481,7.789,29.211,0.960,1.217,0.822,0.913
326,5_8p4_28p68:slice:21,1894,505.750,584.797,505.750,584.797,90.554,26.631,107.489,0.499,3.400,0.294,0.891
327,5_8p4_28p68:slice:21,1510,940.272,694.738,940.272,694.738,79.040,24.324,104.537,0.533,3.249,0.308,0.902
328,5_8p4_28p68:slice:21,160,1242.706,733.825,1242.706,733.825,19.609,10.389,44.400,0.845,1.888,0.530,0.907
329,5_8p4_28p68:slice:21,312,1167.391,866.240,1167.391,866.240,24.436,16.257,52.709,0.846,1.503,0.665,0.920
330,5_8p4_28p68:slice:21,232,259.935,924.720,259.935,924.720,45.948,6.429,159.298,0.293,7.147,0.140,0.679
331,5_8p4_28p68:slice:21,193,104.448,927.459,104.448,927.459,24.210,10.150,43.247,0.740,2.385,0.419,0.896
332,5_8p4_28p68:slice:21,146,648.055,961.342,648.055,961.342,18.818,9.878,34.640,0.798,1.905,0.525,0.890
333,5_8p4_28p68:slice:21,172,191.570,966.494,191.570,966.494,21.655,10.113,38.250,0.769,2.141,0.467,0.891
334,5_8p4_28p68:slice:21,1675,542.905,1030.839,542.905,1030.839,87.440,24.390,114.645,0.476,3.585,0.279,0.879
335,5_8p4_28p68:slice:21,147,1137.507,1006.391,1137.507,1006.391,18.807,9.952,31.050,0.832,1.890,0.529,0.913
336,5_8p4_28p68:slice:21,149,727.601,1164.768,727.601,1164.768,19.013,9.978,28.564,0.815,1.905,0.525,0.898
337,5_8p4_28p68:slice:21,282,121.177,1237.482,121.177,1237.482,23.605,15.211,157.274,0.441,1.552,0.644,0.701
338,5_8p4_28p68:slice:22,1367,754.183,234.955,754.183,234.955,74.927,23.229,101.171,0.532,3.226,0.310,0.877
339,5_8p4_28p68:slice:22,39,260.346,284.705,260.346,284.705,8.681,5.720,50.177,0.883,1.518,0.659,0.857
340,5_8p4_28p68:slice:22,1901,200.952,394.774,200.952,394.774,84.406,28.676,113.859,0.554,2.943,0.340,0.869
341,5_8p4_28p68:slice:22,58,1115.276,367.224,1115.276,367.224,9.598,7.694,27.950,0.960,1.248,0.802,0.913
342,5_8p4_28p68:slice:22,2189,506.792,588.041,506.792,588.041,85.997,32.410,107.257,0.525,2.653,0.377,0.889
343,5_8p4_28p68:slice:22,1859,943.132,698.307,943.132,698.307,75.607,31.306,104.803,0.567,2.415,0.414,0.894
344,5_8p4_28p68:slice:22,240,1244.117,737.429,1244.117,737.429,31.796,9.611,136.344,0.626,3.308,0.302,0.897
345,5_8p4_28p68:slice:22,452,1169.883,870.907,1169.883,870.907,43.544,13.217,133.004,0.612,3.295,0.304,0.921
346,5_8p4_28p68:slice:22,231,260.011,924.760,260.011,924.760,45.828,6.418,159.375,0.292,7.141,0.140,0.677
347,5_8p4_28p68:slice:22,323,106.964,930.522,106.964,930.522,41.336,9.949,136.425,0.537,4.155,0.241,0.881
348,5_8p4_28p68:slice:22,247,649.860,963.557,649.860,963.557,33.803,9.304,133.507,0.585,3.633,0.275,0.888
349,5_8p4_28p68:slice:22,296,193.878,969.007,193.878,969.007,37.889,9.947,134.313,0.559,3.809,0.263,0.897
350,5_8p4_28p68:slice:22,1736,544.999,1032.188,544.999,1032.188,85.802,25.761,111.970,0.497,3.331,0.300,0.877
351,5_8p4_28p68:slice:22,255,1138.904,1008.888,1138.904,1008.888,34.572,9.391,132.493,0.582,3.681,0.272,0.881
352,5_8p4_28p68:slice:22,265,729.058,1167.300,729.058,1167.300,35.987,9.376,130.494,0.556,3.838,0.261,0.860
353,5_8p4_28p68:slice:22,281,121.219,1237.457,121.219,1237.457,23.656,15.124,156.687,0.439,1.564,0.639,0.701
354,5_8p4_28p68:slice:23,1611,753.251,236.052,753.251,236.052,65.397,31.365,109.725,0.590,2.085,0.480,0.862
355,5_8p4_28p68:slice:23,43,258.988,284.756,258.988,284.756,8.967,6.106,51.147,0.909,1.469,0.681,0.869
356,5_8p4_28p68:slice:23,1991,200.407,395.817,200.407,395.817,90.164,28.116,118.627,0.471,3.207,0.312,0.854
357,5_8p4_28p68:slice:23,59,1115.314,367.161,1115.314,367.161,9.730,7.721,31.523,0.936,1.260,0.794,0.922
358,5_8p4_28p68:slice:23,2320,508.058,588.064,508.058,588.064,85.525,34.539,120.317,0.575,2.476,0.404,0.905
359,5_8p4_28p68:slice:23,1957,945.089,697.926,945.089,697.926,73.224,34.029,124.941,0.586,2.152,0.465,0.870
360,5_8p4_28p68:slice:23,304,1244.599,735.954,1244.599,735.954,41.594,9.306,103.429,0.453,4.470,0.224,0.856
361,5_8p4_28p68:slice:23,498,1170.149,869.610,1170.149,869.610,55.571,11.410,103.301,0.430,4.870,0.205,0.888
362,5_8p4_28p68:slice:23,409,107.422,929.654,107.422,929.654,55.240,9.427,102.663,0.374,5.860,0.171,0.865
363,5_8p4_28p68:slice:23,235,259.879,924.683,259.879,924.683,45.755,6.539,159.281,0.293,6.997,0.143,0.674
364,5_8p4_28p68:slice:23,277,650.038,962.951,650.038,962.951,38.071,9.264,98.764,0.510,4.110,0.243,0.911
365,5_8p4_28p68:slice:23,340,194.412,968.894,194.412,968.894,46.000,9.411,100.346,0.440,4.888,0.205,0.880
366,5_8p4_28p68:slice:23,277,1138.836,1008.987,1138.836,1008.987,37.718,9.351,98.331,0.507,4.034,0.248,0.892
367,5_8p4_28p68:slice:23,1773,545.847,1034.189,545.847,1034.189,81.949,27.547,114.343,0.540,2.975,0.336,0.877
368,5_8p4_28p68:slice:23,274,728.518,1168.843,728.518,1168.843,36.284,9.615,96.152,0.557,3.774,0.265,0.916
369,5_8p4_28p68:slice:23,283,121.302,1237.472,121.302,1237.472,23.845,15.111,157.022,0.443,1.578,0.634,0.701
370,5_8p4_28p68:slice:24,1198,755.795,238.518,755.795,238.518,59.370,25.692,128.739,0.589,2.311,0.433,0.879
371,5_8p4_28p68:slice:24,42,260.524,284.405,260.524,284.405,8.788,6.085,53.223,0.951,1.444,0.692,0.894
372,5_8p4_28p68:slice:24,1837,202.124,396.173,202.124,396.173,95.312,24.540,117.110,0.423,3.884,0.257,0.859
373,5_8p4_28p68:slice:24,58,1115.276,367.224,1115.276,367.224,9.598,7.694,27.950,0.960,1.248,0.802,0.913
374,5_8p4_28p68:slice:24,1904,510.057,590.068,510.057,590.068,88.059,27.530,122.997,0.524,3.199,0.313,0.882
375,5_8p4_28p68:slice:24,1494,946.649,701.004,946.649,701.004,77.520,24.539,131.131,0.522,3.159,0.317,0.880
376,5_8p4_28p68:slice:24,151,1246.811,739.712,1246.811,739.712,18.596,10.339,35.848,0.834,1.799,0.556,0.907
377,5_8p4_28p68:slice:24,313,1172.433,876.219,1172.433,876.219,23.266,17.129,38.859,0.840,1.358,0.736,0.921
378,5_8p4_28p68:slice:24,235,259.934,924.709,259.934,924.709,45.945,6.512,159.296,0.289,7.055,0.142,0.670
379,5_8p4_28p68:slice:24,189,109.336,934.230,109.336,934.230,23.195,10.375,33.140,0.752,2.236,0.447,0.900
380,5_8p4_28p68:slice:24,146,651.404,967.027,651.404,967.027,18.647,9.969,24.723,0.815,1.870,0.535,0.927
381,5_8p4_28p68:slice:24,169,195.831,973.104,195.831,973.104,21.109,10.194,29.740,0.770,2.071,0.483,0.901
382,5_8p4_28p68:slice:24,1648,545.728,1036.862,545.728,1036.862,81.459,25.759,113.687,0.532,3.162,0.316,0.885
383,5_8p4_28p68:slice:24,142,1139.986,1013.085,1139.986,1013.085,18.187,9.941,23.426,0.812,1.829,0.547,0.910
384,5_8p4_28p68:slice:24,146,730.062,1172.432,730.062,1172.432,18.850,9.861,17.456,0.815,1.912,0.523,0.921
385,5_8p4_28p68:slice:24,282,121.273,1237.475,121.273,1237.475,23.799,15.087,156.833,0.433,1.577,0.634,0.699
386,5_8p4_28p68:slice:25,741,757.590,240.437,757.590,240.437,61.486,15.344,128.349,0.496,4.007,0.250,0.855
387,5_8p4_28p68:slice:25,43,260.430,283.081,260.430,283.081,9.211,5.944,52.644,0.974,1.550,0.645,0.925
388,5_8p4_28p68:slice:25,1757,202.229,396.320,202.229,396.320,93.815,23.846,114.398,0.436,3.934,0.254,0.870
389,5_8p4_28p68:slice:25,60,1115.250,367.133,1115.250,367.133,9.736,7.846,27.908,0.952,1.241,0.806,0.930
390,5_8p4_28p68:slice:25,1586,510.118,592.409,510.118,592.409,86.529,23.337,119.323,0.486,3.708,0.270,0.884
391,5_8p4_28p68:slice:25,916,945.468,702.525,945.468,702.525,85.328,13.668,125.078,0.355,6.243,0.160,0.861
392,5_8p4_28p68:slice:25,255,1246.520,742.802,1246.520,742.802,33.451,9.706,131.781,0.595,3.446,0.290,0.876
393,5_8p4_28p68:slice:25,451,1171.873,878.589,1171.873,878.589,46.941,12.233,129.248,0.538,3.837,0.261,0.894
394,5_8p4_28p68:slice:25,237,259.994,924.711,259.994,924.711,46.018,6.557,159.343,0.291,7.018,0.142,0.675
395,5_8p4_28p68:slice:25,341,110.139,936.902,110.139,936.902,44.112,9.843,132.235,0.496,4.482,0.223,0.873
396,5_8p4_28p68:slice:25,272,651.945,968.688,651.945,968.688,36.496,9.489,129.489,0.542,3.846,0.260,0.869
397,5_8p4_28p68:slice:25,315,196.865,975.383,196.865,975.383,40.939,9.797,130.814,0.517,4.179,0.239,0.857
398,5_8p4_28p68:slice:25,1640,547.069,1038.349,547.069,1038.349,78.729,26.523,112.627,0.552,2.968,0.337,0.900
399,5_8p4_28p68:slice:25,272,1140.684,1014.982,1140.684,1014.982,36.692,9.439,128.606,0.531,3.887,0.257,0.870
400,5_8p4_28p68:slice:25,291,731.335,1173.813,731.335,1173.813,38.891,9.527,127.522,0.515,4.082,0.245,0.866
401,5_8p4_28p68:slice:25,285,121.311,1237.525,121.311,1237.525,23.936,15.160,157.399,0.440,1.579,0.633,0.701
402,5_8p4_28p68:slice:26,926,757.629,243.597,757.629,243.597,80.814,14.589,110.388,0.357,5.539,0.181,0.864
403,5_8p4_28p68:slice:26,41,260.329,284.939,260.329,284.939,9.033,5.779,48.688,0.910,1.563,0.640,0.863
404,5_8p4_28p68:slice:26,1769,203.262,400.362,203.262,400.362,90.336,24.933,111.190,0.462,3.623,0.276,0.883
405,5_8p4_28p68:slice:26,59,1115.212,367.195,1115.212,367.195,9.620,7.809,23.996,0.976,1.232,0.812,0.922
406,5_8p4_28p68:slice:26,1666,511.672,596.178,511.672,596.178,90.385,23.469,111.610,0.459,3.851,0.260,0.877
407,5_8p4_28p68:slice:26,1130,946.781,704.604,946.781,704.604,87.798,16.387,106.488,0.386,5.358,0.187,0.858
408,5_8p4_28p68:slice:26,291,1247.167,743.149,1247.167,743.149,39.058,9.486,99.823,0.505,4.117,0.243,0.886
409,5_8p4_28p68:slice:26,465,1172.904,877.975,1172.904,877.975,51.525,11.491,100.108,0.469,4.484,0.223,0.895
410,5_8p4_28p68:slice:26,385,111.918,936.695,111.918,936.695,51.282,9.559,99.421,0.413,5.365,0.186,0.879
411,5_8p4_28p68:slice:26,235,259.879,924.683,259.879,924.683,45.755,6.539,159.281,0.293,6.997,0.143,0.674
412,5_8p4_28p68:slice:26,260,653.385,968.200,653.385,968.200,35.466,9.334,95.790,0.548,3.800,0.263,0.906
413,5_8p4_28p68:slice:26,324,198.806,975.432,198.806,975.432,43.124,9.566,96.873,0.478,4.508,0.222,0.898
414,5_8p4_28p68:slice:26,265,1142.247,1014.945,1142.247,1014.945,35.584,9.482,95.680,0.543,3.753,0.266,0.900
415,5_8p4_28p68:slice:26,1719,549.765,1039.370,549.765,1039.370,77.591,28.208,115.420,0.581,2.751,0.364,0.901
416,5_8p4_28p68:slice:26,255,733.167,1174.410,733.167,1174.410,33.823,9.599,92.496,0.585,3.523,0.284,0.909
417,5_8p4_28p68:slice:26,284,121.268,1237.504,121.268,1237.504,23.756,15.221,157.452,0.444,1.561,0.641,0.701
418,5_8p4_28p68:slice:27,1223,757.895,246.135,757.895,246.135,84.503,18.427,105.306,0.412,4.586,0.218,0.862
419,5_8p4_28p68:slice:27,41,259.573,285.207,259.573,285.207,8.737,5.975,49.205,0.928,1.462,0.684,0.882
420,5_8p4_28p68:slice:27,1784,205.288,403.268,205.288,403.268,84.465,26.892,109.414,0.492,3.141,0.318,0.881
421,5_8p4_28p68:slice:27,57,1115.342,367.167,1115.342,367.167,9.362,7.752,24.750,0.985,1.208,0.828,0.905
422,5_8p4_28p68:slice:27,1903,512.965,597.379,512.965,597.379,91.024,26.619,109.644,0.498,3.419,0.292,0.887
423,5_8p4_28p68:slice:27,1557,947.989,705.535,947.989,705.535,85.271,23.249,102.087,0.461,3.668,0.273,0.881
424,5_8p4_28p68:slice:27,153,1248.500,745.500,1248.500,745.500,19.137,10.180,26.475,0.825,1.880,0.532,0.927
425,5_8p4_28p68:slice:27,312,1173.920,880.119,1173.920,880.119,23.025,17.253,28.922,0.843,1.335,0.749,0.924
426,5_8p4_28p68:slice:27,233,259.886,924.680,259.886,924.680,45.779,6.480,159.197,0.291,7.064,0.142,0.674
427,5_8p4_28p68:slice:27,193,113.210,940.272,113.210,940.272,23.601,10.412,24.850,0.722,2.267,0.441,0.908
428,5_8p4_28p68:slice:27,146,653.616,971.226,653.616,971.226,19.074,9.746,15.650,0.795,1.957,0.511,0.915
429,5_8p4_28p68:slice:27,172,199.570,978.890,199.570,978.890,21.349,10.258,18.883,0.750,2.081,0.480,0.896
430,5_8p4_28p68:slice:27,1683,548.697,1041.214,548.697,1041.214,80.268,26.696,115.575,0.547,3.007,0.333,0.895
431,5_8p4_28p68:slice:27,148,1142.236,1018.615,1142.236,1018.615,18.936,9.951,14.515,0.826,1.903,0.526,0.914
432,5_8p4_28p68:slice:27,152,732.868,1177.724,732.868,1177.724,19.120,10.122,8.727,0.828,1.889,0.529,0.913
433,5_8p4_28p68:slice:27,282,121.312,1237.514,121.312,1237.514,23.882,15.035,157.481,0.443,1.588,0.630,0.705
434,5_8p4_28p68:slice:28,1516,759.568,246.249,759.568,246.249,81.855,23.581,106.836,0.482,3.471,0.288,0.864
435,5_8p4_28p68:slice:28,41,260.524,284.500,260.524,284.500,8.809,5.926,48.820,0.928,1.487,0.673,0.882
436,5_8p4_28p68:slice:28,1989,207.980,405.723,207.980,405.723,79.877,31.705,108.892,0.539,2.519,0.397,0.878
437,5_8p4_28p68:slice:28,57,1115.342,367.167,1115.342,367.167,9.362,7.752,24.750,0.985,1.208,0.828,0.905
438,5_8p4_28p68:slice:28,2225,514.024,599.696,514.024,599.696,90.022,31.470,110.097,0.557,2.861,0.350,0.895
439,5_8p4_28p68:slice:28,2099,949.040,707.769,949.040,707.769,83.246,32.104,104.972,0.541,2.593,0.386,0.877
440,5_8p4_28p68:slice:28,271,1249.426,749.589,1249.426,749.589,35.792,9.640,129.859,0.548,3.713,0.269,0.870
441,5_8p4_28p68:slice:28,478,1175.906,886.015,1175.906,886.015,49.737,12.236,127.656,0.512,4.065,0.246,0.893
442,5_8p4_28p68:slice:28,230,260.074,924.804,260.074,924.804,45.969,6.371,159.501,0.291,7.216,0.139,0.681
443,5_8p4_28p68:slice:28,359,114.759,944.592,114.759,944.592,47.782,9.566,130.052,0.444,4.995,0.200,0.853
444,5_8p4_28p68:slice:28,281,655.044,974.731,655.044,974.731,38.914,9.194,127.499,0.498,4.233,0.236,0.859
445,5_8p4_28p68:slice:28,330,201.476,982.500,201.476,982.500,43.798,9.593,129.156,0.480,4.566,0.219,0.866
446,5_8p4_28p68:slice:28,1755,550.695,1043.658,550.695,1043.658,80.909,27.618,116.358,0.545,2.930,0.341,0.906
447,5_8p4_28p68:slice:28,286,1143.671,1022.059,1143.671,1022.059,39.621,9.191,126.797,0.490,4.311,0.232,0.852
448,5_8p4_28p68:slice:28,293,735.217,1180.824,735.217,1180.824,41.253,9.043,125.629,0.464,4.562,0.219,0.857
449,5_8p4_28p68:slice:28,281,121.258,1237.496,121.258,1237.496,23.738,15.072,157.354,0.450,1.575,0.635,0.707
450,5_8p4_28p68:slice:29,1411,760.481,247.743,760.481,247.743,77.145,23.288,116.138,0.517,3.313,0.302,0.869
451,5_8p4_28p68:slice:29,40,261.000,285.500,261.000,285.500,8.769,5.808,42.920,0.953,1.510,0.662,0.889
452,5_8p4_28p68:slice:29,58,1115.276,367.138,1115.276,367.138,9.412,7.846,19.793,1.000,1.199,0.834,0.913
453,5_8p4_28p68:slice:29,1963,208.059,408.725,208.059,408.725,79.593,31.402,119.485,0.608,2.535,0.395,0.892
454,5_8p4_28p68:slice:29,2195,513.603,602.314,513.603,602.314,88.124,31.714,118.399,0.528,2.779,0.360,0.883
455,5_8p4_28p68:slice:29,1967,948.687,709.598,948.687,709.598,78.898,31.743,123.488,0.574,2.485,0.402,0.872
456,5_8p4_28p68:slice:29,277,1248.764,750.236,1248.764,750.236,36.519,9.658,97.563,0.540,3.781,0.264,0.889
457,5_8p4_28p68:slice:29,453,1175.482,885.670,1175.482,885.670,47.806,12.065,98.896,0.521,3.962,0.252,0.920
458,5_8p4_28p68:slice:29,234,259.923,924.684,259.923,924.684,45.817,6.503,159.227,0.292,7.046,0.142,0.677
459,5_8p4_28p68:slice:29,353,115.282,944.350,115.282,944.350,46.672,9.630,97.487,0.444,4.847,0.206,0.879
460,5_8p4_28p68:slice:29,242,655.351,974.413,655.351,974.413,32.738,9.412,93.104,0.580,3.478,0.287,0.925
461,5_8p4_28p68:slice:29,303,202.196,982.219,202.196,982.219,39.360,9.802,94.553,0.539,4.016,0.249,0.909
462,5_8p4_28p68:slice:29,1728,552.094,1045.427,552.094,1045.427,87.598,25.117,117.341,0.498,3.488,0.287,0.893
463,5_8p4_28p68:slice:29,243,1144.381,1022.130,1144.381,1022.130,32.198,9.609,92.504,0.612,3.351,0.298,0.920
464,5_8p4_28p68:slice:29,239,736.483,1180.048,736.483,1180.048,30.525,9.969,90.208,0.670,3.062,0.327,0.982
465,5_8p4_28p68:slice:29,284,121.261,1237.496,121.261,1237.496,23.795,15.197,157.598,0.444,1.566,0.639,0.701
466,5_8p4_28p68:slice:30,1178,759.946,249.232,759.946,249.232,69.526,21.573,110.870,0.532,3.223,0.310,0.880
467,5_8p4_28p68:slice:30,43,258.663,285.802,258.663,285.802,9.273,5.904,46.879,0.909,1.571,0.637,0.878
468,5_8p4_28p68:slice:30,59,1115.212,367.195,1115.212,367.195,9.620,7.809,23.996,0.976,1.232,0.812,0.922
469,5_8p4_28p68:slice:30,1714,206.447,408.585,206.447,408.585,80.841,26.995,121.472,0.572,2.995,0.334,0.892
470,5_8p4_28p68:slice:30,1879,514.903,603.275,514.903,603.275,90.496,26.437,119.748,0.490,3.423,0.292,0.883
471,5_8p4_28p68:slice:30,1467,951.214,711.221,951.214,711.221,78.010,23.944,124.712,0.524,3.258,0.307,0.877
472,5_8p4_28p68:slice:30,150,1251.353,751.213,1251.353,751.213,18.575,10.282,17.273,0.837,1.807,0.554,0.915
473,5_8p4_28p68:slice:30,309,1178.875,889.099,1178.875,889.099,23.006,17.101,6.500,0.827,1.345,0.743,0.916
474,5_8p4_28p68:slice:30,232,259.875,924.685,259.875,924.685,45.745,6.457,159.190,0.290,7.084,0.141,0.671
475,5_8p4_28p68:slice:30,192,118.781,946.448,118.781,946.448,23.560,10.376,15.378,0.740,2.271,0.440,0.899
476,5_8p4_28p68:slice:30,150,657.880,975.727,657.880,975.727,19.061,10.020,7.574,0.817,1.902,0.526,0.906
477,5_8p4_28p68:slice:30,171,205.114,984.336,205.114,984.336,21.403,10.173,10.693,0.752,2.104,0.475,0.910
478,5_8p4_28p68:slice:30,1695,552.724,1045.659,552.724,1045.659,89.351,24.153,114.380,0.480,3.699,0.270,0.889
479,5_8p4_28p68:slice:30,149,1146.822,1023.950,1146.822,1023.950,18.986,9.992,5.065,0.840,1.900,0.526,0.934
480,5_8p4_28p68:slice:30,152,737.566,1183.441,737.566,1183.441,19.819,9.765,179.308,0.836,2.030,0.493,0.959
481,5_8p4_28p68:slice:30,282,121.273,1237.475,121.273,1237.475,23.799,15.087,156.833,0.433,1.577,0.634,0.699
482,5_8p4_28p68:slice:31,1135,763.256,253.068,763.256,253.068,59.922,24.117,112.181,0.605,2.485,0.402,0.901
483,5_8p4_28p68:slice:31,43,259.337,286.198,259.337,286.198,9.273,5.904,46.879,0.909,1.571,0.637,0.878
484,5_8p4_28p68:slice:31,60,1115.250,367.133,1115.250,367.133,9.736,7.846,27.908,0.952,1.241,0.806,0.930
485,5_8p4_28p68:slice:31,1547,208.567,409.964,208.567,409.964,83.689,23.536,119.125,0.524,3.556,0.281,0.898
486,5_8p4_28p68:slice:31,1673,517.695,605.403,517.695,605.403,89.677,23.753,116.005,0.471,3.775,0.265,0.888
487,5_8p4_28p68:slice:31,1150,953.678,713.428,953.678,713.428,77.863,18.805,118.524,0.452,4.141,0.242,0.876
488,5_8p4_28p68:slice:31,285,1253.089,754.893,1253.089,754.893,38.249,9.487,126.601,0.530,4.032,0.248,0.870
489,5_8p4_28p68:slice:31,482,1179.226,892.647,1179.226,892.647,53.020,11.575,124.702,0.455,4.581,0.218,0.882
490,5_8p4_28p68:slice:31,236,259.941,924.720,259.941,924.720,45.797,6.561,159.201,0.295,6.980,0.143,0.676
491,5_8p4_28p68:slice:31,388,120.070,951.085,120.070,951.085,51.717,9.552,126.408,0.411,5.414,0.185,0.842
492,5_8p4_28p68:slice:31,306,658.422,979.258,658.422,979.258,41.698,9.344,123.599,0.472,4.463,0.224,0.857
493,5_8p4_28p68:slice:31,352,206.406,988.849,206.406,988.849,46.842,9.568,125.149,0.429,4.896,0.204,0.840
494,5_8p4_28p68:slice:31,1743,552.751,1048.226,552.751,1048.226,88.138,25.179,112.110,0.472,3.500,0.286,0.872
495,5_8p4_28p68:slice:31,301,1147.228,1028.347,1147.228,1028.347,42.175,9.087,123.248,0.456,4.641,0.215,0.853
496,5_8p4_28p68:slice:31,325,737.814,1186.860,737.814,1186.860,44.200,9.362,121.335,0.446,4.721,0.212,0.850
497,5_8p4_28p68:slice:31,283,121.302,1237.472,121.302,1237.472,23.845,15.111,157.022,0.443,1.578,0.634,0.701
498,5_8p4_28p68:slice:32,1142,764.926,255.273,764.926,255.273,64.240,22.635,120.582,0.551,2.838,0.352,0.874
499,5_8p4_28p68:slice:32,41,259.841,284.646,259.841,284.646,9.180,5.686,38.171,0.928,1.614,0.619,0.901
500,5_8p4_28p68:slice:32,57,1115.342,367.167,1115.342,367.167,9.362,7.752,24.750,0.985,1.208,0.828,0.905
501,5_8p4_28p68:slice:32,1670,210.213,411.281,210.213,411.281,91.182,23.319,113.358,0.458,3.910,0.256,0.873
502,5_8p4_28p68:slice:32,1799,518.606,607.348,518.606,607.348,88.742,25.811,111.058,0.481,3.438,0.291,0.882
503,5_8p4_28p68:slice:32,1320,954.167,715.197,954.167,715.197,78.840,21.317,108.487,0.470,3.698,0.270,0.876
504,5_8p4_28p68:slice:32,258,1252.093,754.500,1252.093,754.500,33.881,9.696,93.382,0.595,3.494,0.286,0.925
505,5_8p4_28p68:slice:32,434,1177.970,892.088,1177.970,892.088,44.391,12.448,94.208,0.574,3.566,0.280,0.958
506,5_8p4_28p68:slice:32,233,259.886,924.680,259.886,924.680,45.779,6.480,159.197,0.291,7.064,0.142,0.674
507,5_8p4_28p68:slice:32,334,119.356,950.979,119.356,950.979,43.032,9.882,92.147,0.495,4.354,0.230,0.892
508,5_8p4_28p68:slice:32,223,657.791,979.419,657.791,979.419,30.494,9.311,88.297,0.636,3.275,0.305,0.951
509,5_8p4_28p68:slice:32,286,206.371,989.154,206.371,989.154,36.910,9.866,90.214,0.561,3.741,0.267,0.920
510,5_8p4_28p68:slice:32,1696,552.692,1048.523,552.692,1048.523,85.713,25.194,112.514,0.498,3.402,0.294,0.874
511,5_8p4_28p68:slice:32,225,1146.753,1028.384,1146.753,1028.384,30.332,9.445,88.434,0.642,3.212,0.311,0.955
512,5_8p4_28p68:slice:32,226,738.389,1186.903,738.389,1186.903,28.983,9.928,85.976,0.668,2.919,0.343,0.942
513,5_8p4_28p68:slice:32,281,121.219,1237.457,121.219,1237.457,23.656,15.124,156.687,0.439,1.564,0.639,0.701
514,5_8p4_28p68:slice:33,1163,763.818,254.700,763.818,254.700,61.195,24.198,119.613,0.601,2.529,0.395,0.894
515,5_8p4_28p68:slice:33,45,259.167,285.256,259.167,285.256,9.568,5.988,42.545,0.951,1.598,0.626,0.900
516,5_8p4_28p68:slice:33,57,1115.342,367.167,1115.342,367.167,9.362,7.752,24.750,0.985,1.208,0.828,0.905
517,5_8p4_28p68:slice:33,1821,209.687,412.474,209.687,412.474,91.354,25.380,111.659,0.452,3.599,0.278,0.853
518,5_8p4_28p68:slice:33,1909,519.440,610.954,519.440,610.954,86.671,28.044,109.861,0.502,3.091,0.324,0.885
519,5_8p4_28p68:slice:33,1568,954.926,716.312,954.926,716.312,77.200,25.861,107.546,0.527,2.985,0.335,0.881
520,5_8p4_28p68:slice:33,154,1253.922,757.714,1253.922,757.714,19.087,10.273,8.574,0.838,1.858,0.538,0.917
521,5_8p4_28p68:slice:33,317,1180.986,893.998,1180.986,893.998,23.908,16.882,178.779,0.854,1.416,0.706,0.938
522,5_8p4_28p68:slice:33,231,259.916,924.699,259.916,924.699,45.971,6.398,159.325,0.292,7.185,0.139,0.676
523,5_8p4_28p68:slice:33,193,122.780,953.500,122.780,953.500,23.809,10.321,8.168,0.741,2.307,0.433,0.923
524,5_8p4_28p68:slice:33,154,660.422,980.766,660.422,980.766,19.780,9.913,1.135,0.838,1.995,0.501,0.928
525,5_8p4_28p68:slice:33,177,209.494,991.534,209.494,991.534,22.508,10.012,2.120,0.745,2.248,0.445,0.894
526,5_8p4_28p68:slice:33,1714,555.536,1049.354,555.536,1049.354,84.150,25.934,109.854,0.535,3.245,0.308,0.901
527,5_8p4_28p68:slice:33,154,1149.448,1030.519,1149.448,1030.519,20.034,9.787,177.767,0.827,2.047,0.489,0.966
528,5_8p4_28p68:slice:33,165,740.973,1188.997,740.973,1188.997,21.027,9.991,172.947,0.809,2.105,0.475,0.932
529,5_8p4_28p68:slice:33,280,121.229,1237.500,121.229,1237.500,23.692,15.048,157.159,0.440,1.574,0.635,0.704
530,5_8p4_28p68:slice:34,1215,764.451,256.896,764.451,256.896,65.704,23.545,121.201,0.574,2.791,0.358,0.883
531,5_8p4_28p68:slice:34,41,259.280,285.598,259.280,285.598,9.170,5.693,37.910,0.884,1.611,0.621,0.882
532,5_8p4_28p68:slice:34,58,1115.276,367.224,1115.276,367.224,9.598,7.694,27.950,0.960,1.248,0.802,0.913
533,5_8p4_28p68:slice:34,2083,211.410,413.838,211.410,413.838,91.533,28.975,113.207,0.486,3.159,0.317,0.877
534,5_8p4_28p68:slice:34,2267,522.461,613.289,522.461,613.289,86.043,33.547,111.478,0.584,2.565,0.390,0.894
535,5_8p4_28p68:slice:34,1964,957.501,717.524,957.501,717.524,77.621,32.216,112.624,0.582,2.409,0.415,0.881
536,5_8p4_28p68:slice:34,302,1255.679,759.927,1255.679,759.927,41.180,9.337,125.654,0.479,4.410,0.227,0.852
537,5_8p4_28p68:slice:34,515,1183.302,899.207,1183.302,899.207,55.852,11.740,123.780,0.449,4.757,0.210,0.888
538,5_8p4_28p68:slice:34,234,259.923,924.684,259.923,924.684,45.817,6.503,159.227,0.292,7.046,0.142,0.677
539,5_8p4_28p68:slice:34,405,124.112,956.986,124.112,956.986,55.183,9.345,124.673,0.382,5.905,0.169,0.843
540,5_8p4_28p68:slice:34,316,660.981,983.883,660.981,983.883,44.293,9.084,122.001,0.432,4.876,0.205,0.827
541,5_8p4_28p68:slice:34,362,210.508,994.851,210.508,994.851,49.922,9.233,123.265,0.402,5.407,0.185,0.821
542,5_8p4_28p68:slice:34,318,1149.462,1033.868,1149.462,1033.868,44.732,9.051,121.557,0.432,4.942,0.202,0.839
543,5_8p4_28p68:slice:34,1922,557.464,1053.863,557.464,1053.863,78.549,31.155,110.768,0.599,2.521,0.397,0.907
544,5_8p4_28p68:slice:34,330,740.464,1192.858,740.464,1192.858,46.731,8.991,119.117,0.408,5.197,0.192,0.822
545,5_8p4_28p68:slice:34,283,121.302,1237.472,121.302,1237.472,23.845,15.111,157.022,0.443,1.578,0.634,0.701
546,5_8p4_28p68:slice:35,1210,764.769,258.002,764.769,258.002,82.959,18.571,116.746,0.430,4.467,0.224,0.852
547,5_8p4_28p68:slice:35,41,259.280,284.598,259.280,284.598,9.170,5.693,37.910,0.884,1.611,0.621,0.882
548,5_8p4_28p68:slice:35,58,1115.379,367.103,1115.379,367.103,9.481,7.789,29.211,0.960,1.217,0.822,0.913
549,5_8p4_28p68:slice:35,1887,211.915,414.394,211.915,414.394,92.558,25.958,116.163,0.448,3.566,0.280,0.863
550,5_8p4_28p68:slice:35,2047,522.004,612.850,522.004,612.850,87.567,29.764,120.910,0.553,2.942,0.340,0.898
551,5_8p4_28p68:slice:35,1732,957.478,719.396,957.478,719.396,83.245,26.491,122.614,0.489,3.142,0.318,0.854
552,5_8p4_28p68:slice:35,241,1255.479,760.147,1255.479,760.147,31.090,9.870,90.549,0.628,3.150,0.317,0.958
553,5_8p4_28p68:slice:35,423,1182.831,899.486,1182.831,899.486,41.688,12.919,93.164,0.616,3.227,0.310,0.968
554,5_8p4_28p68:slice:35,232,259.961,924.720,259.961,924.720,45.654,6.470,159.272,0.290,7.056,0.142,0.672
555,5_8p4_28p68:slice:35,307,123.901,957.725,123.901,957.725,40.372,9.682,88.350,0.511,4.170,0.240,0.889
556,5_8p4_28p68:slice:35,217,660.993,984.823,660.993,984.823,28.723,9.619,85.148,0.653,2.986,0.335,0.918
557,5_8p4_28p68:slice:35,270,210.526,995.948,210.526,995.948,33.843,10.158,86.368,0.609,3.332,0.300,0.912
558,5_8p4_28p68:slice:35,1744,557.037,1056.348,557.037,1056.348,77.900,28.505,118.517,0.588,2.733,0.366,0.895
559,5_8p4_28p68:slice:35,217,1149.353,1035.048,1149.353,1035.048,27.863,9.916,85.203,0.670,2.810,0.356,0.935
560,5_8p4_28p68:slice:35,210,740.933,1194.119,740.933,1194.119,26.745,9.998,82.489,0.686,2.675,0.374,0.919
561,5_8p4_28p68:slice:35,282,121.312,1237.514,121.312,1237.514,23.882,15.035,157.481,0.443,1.588,0.630,0.705
562,5_8p4_28p68:slice:36,1191,766.656,257.747,766.656,257.747,77.335,19.609,108.507,0.467,3.944,0.254,0.859
563,5_8p4_28p68:slice:36,43,260.174,284.244,260.174,284.244,9.640,5.679,39.642,0.909,1.697,0.589,0.878
564,5_8p4_28p68:slice:36,59,1115.314,367.161,1115.314,367.161,9.730,7.721,31.523,0.936,1.260,0.794,0.922
565,5_8p4_28p68:slice:36,1794,213.604,415.885,213.604,415.885,89.898,25.409,112.698,0.442,3.538,0.283,0.865
566,5_8p4_28p68:slice:36,1845,522.302,615.314,522.302,615.314,91.514,25.670,119.957,0.485,3.565,0.280,0.882
567,5_8p4_28p68:slice:36,1474,957.078,721.978,957.078,721.978,86.827,21.615,122.522,0.443,4.017,0.249,0.867
568,5_8p4_28p68:slice:36,159,1256.720,764.714,1256.720,764.714,19.944,10.151,177.464,0.806,1.965,0.509,0.927
569,5_8p4_28p68:slice:36,323,1184.500,905.277,1184.500,905.277,25.516,16.117,163.347,0.816,1.583,0.632,0.926
570,5_8p4_28p68:slice:36,233,259.886,924.680,259.886,924.680,45.779,6.480,159.197,0.291,7.064,0.142,0.674
571,5_8p4_28p68:slice:36,203,126.244,962.155,126.244,962.155,24.492,10.553,177.630,0.742,2.321,0.431,0.949
572,5_8p4_28p68:slice:36,159,662.557,987.802,662.557,987.802,20.436,9.906,171.577,0.780,2.063,0.485,0.909
573,5_8p4_28p68:slice:36,182,213.165,999.593,213.165,999.593,22.765,10.179,173.366,0.744,2.236,0.447,0.901
574,5_8p4_28p68:slice:36,1584,558.015,1057.142,558.015,1057.142,79.421,25.394,119.342,0.558,3.128,0.320,0.905
575,5_8p4_28p68:slice:36,159,1151.619,1038.135,1151.619,1038.135,20.390,9.929,168.813,0.798,2.054,0.487,0.911
576,5_8p4_28p68:slice:36,168,743.952,1196.208,743.952,1196.208,21.395,9.998,164.596,0.790,2.140,0.467,0.911
577,5_8p4_28p68:slice:36,283,121.302,1237.472,121.302,1237.472,23.845,15.111,157.022,0.443,1.578,0.634,0.701
578,5_8p4_28p68:slice:37,1352,768.780,261.863,768.780,261.863,68.216,25.235,103.177,0.562,2.703,0.370,0.868
579,5_8p4_28p68:slice:37,43,259.151,284.547,259.151,284.547,9.166,5.973,34.897,0.927,1.534,0.652,0.905
580,5_8p4_28p68:slice:37,61,1115.238,367.205,1115.238,367.205,9.754,7.963,32.259,0.913,1.225,0.816,0.897
581,5_8p4_28p68:slice:37,1816,214.488,419.180,214.488,419.180,85.441,27.062,110.679,0.473,3.157,0.317,0.873
582,5_8p4_28p68:slice:37,1681,522.613,616.778,522.613,616.778,92.745,23.077,115.621,0.461,4.019,0.249,0.885
583,5_8p4_28p68:slice:37,1197,957.720,722.488,957.720,722.488,88.570,17.208,116.727,0.370,5.147,0.194,0.841
584,5_8p4_28p68:slice:37,314,1257.404,766.449,1257.404,766.449,43.801,9.128,122.472,0.444,4.799,0.208,0.844
585,5_8p4_28p68:slice:37,19,781.816,765.711,781.816,765.711,5.278,4.583,11.232,0.796,1.152,0.868,0.717
586,5_8p4_28p68:slice:37,513,1184.935,905.609,1184.935,905.609,59.366,11.003,120.886,0.397,5.396,0.185,0.864
587,5_8p4_28p68:slice:37,236,259.903,924.682,259.903,924.682,45.789,6.562,159.299,0.295,6.978,0.143,0.677
588,5_8p4_28p68:slice:37,422,127.969,963.573,127.969,963.573,58.866,9.128,121.848,0.348,6.449,0.155,0.820
589,5_8p4_28p68:slice:37,327,663.809,988.644,663.809,988.644,46.250,9.002,119.209,0.414,5.138,0.195,0.824
590,5_8p4_28p68:slice:37,380,214.818,1000.584,214.818,1000.584,52.979,9.132,120.160,0.374,5.801,0.172,0.831
591,5_8p4_28p68:slice:37,328,1152.607,1039.329,1152.607,1039.329,47.463,8.799,118.890,0.404,5.394,0.185,0.834
592,5_8p4_28p68:slice:37,1490,559.322,1058.120,559.322,1058.120,82.294,23.053,115.344,0.499,3.570,0.280,0.905
593,5_8p4_28p68:slice:37,349,744.394,1197.884,744.394,1197.884,49.050,9.059,116.435,0.391,5.414,0.185,0.814
594,5_8p4_28p68:slice:37,284,121.261,1237.496,121.261,1237.496,23.795,15.197,157.598,0.444,1.566,0.639,0.701
595,5_8p4_28p68:slice:38,1335,768.066,261.998,768.066,261.998,60.709,27.999,113.910,0.593,2.168,0.461,0.873
596,5_8p4_28p68:slice:38,42,258.929,284.786,258.929,284.786,9.444,5.662,38.316,0.888,1.668,0.600,0.866
597,5_8p4_28p68:slice:38,58,1115.276,367.224,1115.276,367.224,9.598,7.694,27.950,0.960,1.248,0.802,0.913
598,5_8p4_28p68:slice:38,1861,216.121,419.636,216.121,419.636,83.283,28.451,112.530,0.492,2.927,0.342,0.868
599,5_8p4_28p68:slice:38,1824,525.061,619.016,525.061,619.016,92.676,25.059,110.681,0.461,3.698,0.270,0.892
600,5_8p4_28p68:slice:38,1434,960.490,725.344,960.490,725.344,83.518,21.861,106.444,0.477,3.820,0.262,0.889
601,5_8p4_28p68:slice:38,223,1258.895,766.469,1258.895,766.469,29.014,9.786,86.189,0.647,2.965,0.337,0.921
602,5_8p4_28p68:slice:38,394,1185.723,905.982,1185.723,905.982,38.379,13.071,87.544,0.623,2.936,0.341,0.921
603,5_8p4_28p68:slice:38,234,259.923,924.684,259.923,924.684,45.817,6.503,159.227,0.292,7.046,0.142,0.677
604,5_8p4_28p68:slice:38,292,128.969,965.007,128.969,965.007,37.082,10.026,83.909,0.553,3.699,0.270,0.893
605,5_8p4_28p68:slice:38,207,664.360,990.592,664.360,990.592,26.690,9.875,79.014,0.671,2.703,0.370,0.908
606,5_8p4_28p68:slice:38,250,215.576,1002.812,215.576,1002.812,31.543,10.091,80.472,0.601,3.126,0.320,0.888
607,5_8p4_28p68:slice:38,1674,559.679,1061.606,559.679,1061.606,87.947,24.235,111.425,0.497,3.629,0.276,0.893
608,5_8p4_28p68:slice:38,203,1152.978,1041.968,1152.978,1041.968,25.913,9.974,79.696,0.675,2.598,0.385,0.900
609,5_8p4_28p68:slice:38,199,744.535,1201.460,744.535,1201.460,25.257,10.032,75.251,0.688,2.518,0.397,0.902
610,5_8p4_28p68:slice:38,283,121.207,1237.479,121.207,1237.479,23.652,15.234,157.473,0.451,1.553,0.644,0.703
611,5_8p4_28p68:slice:39,1084,770.502,264.441,770.502,264.441,58.590,23.557,122.338,0.586,2.487,0.402,0.884
612,5_8p4_28p68:slice:39,42,260.095,284.500,260.095,284.500,9.272,5.767,35.888,0.951,1.608,0.622,0.913
613,5_8p4_28p68:slice:39,58,1115.276,367.224,1115.276,367.224,9.598,7.694,27.950,0.960,1.248,0.802,0.913
614,5_8p4_28p68:slice:39,1805,219.334,420.267,219.334,420.267,81.798,28.096,112.081,0.495,2.911,0.343,0.865
615,5_8p4_28p68:slice:39,1986,526.306,621.344,526.306,621.344,90.386,27.976,107.766,0.502,3.231,0.310,0.888
616,5_8p4_28p68:slice:39,1646,962.009,727.967,962.009,727.967,78.395,26.733,103.658,0.574,2.932,0.341,0.906
617,5_8p4_28p68:slice:39,167,1260.165,770.536,1260.165,770.536,20.443,10.401,171.938,0.793,1.965,0.509,0.905
618,5_8p4_28p68:slice:39,333,1187.050,910.191,1187.050,910.191,26.465,16.021,159.287,0.796,1.652,0.605,0.920
619,5_8p4_28p68:slice:39,232,259.966,924.759,259.966,924.759,45.767,6.454,159.430,0.293,7.091,0.141,0.674
620,5_8p4_28p68:slice:39,206,130.301,969.646,130.301,969.646,25.756,10.183,171.638,0.712,2.529,0.395,0.916
621,5_8p4_28p68:slice:39,167,664.997,994.147,664.997,994.147,21.550,9.867,165.308,0.768,2.184,0.458,0.903
622,5_8p4_28p68:slice:39,191,216.924,1006.908,216.924,1006.908,24.063,10.106,166.939,0.742,2.381,0.420,0.910
623,5_8p4_28p68:slice:39,1814,560.019,1063.129,560.019,1063.129,88.205,26.185,109.930,0.510,3.368,0.297,0.892
624,5_8p4_28p68:slice:39,170,1153.888,1045.541,1153.888,1045.541,21.930,9.870,162.503,0.741,2.222,0.450,0.890
625,5_8p4_28p68:slice:39,181,746.102,1203.914,746.102,1203.914,22.705,10.150,160.345,0.712,2.237,0.447,0.887
626,5_8p4_28p68:slice:39,280,121.229,1237.500,121.229,1237.500,23.692,15.048,157.159,0.440,1.574,0.635,0.704
627,5_8p4_28p68:slice:40,929,770.653,265.878,770.653,265.878,64.926,18.218,121.017,0.480,3.564,0.281,0.858
628,5_8p4_28p68:slice:40,44,259.591,283.455,259.591,283.455,9.285,6.034,32.832,0.887,1.539,0.650,0.871
629,5_8p4_28p68:slice:40,58,1115.379,367.103,1115.379,367.103,9.481,7.789,29.211,0.960,1.217,0.822,0.913
630,5_8p4_28p68:slice:40,1918,219.821,423.873,219.821,423.873,79.818,30.596,114.407,0.576,2.609,0.383,0.878
631,5_8p4_28p68:slice:40,2364,525.432,624.124,525.432,624.124,86.936,34.622,110.598,0.570,2.511,0.398,0.900
632,5_8p4_28p68:slice:40,2075,962.900,730.588,962.900,730.588,73.700,35.847,111.313,0.588,2.056,0.486,0.888
633,5_8p4_28p68:slice:40,330,1259.203,773.073,1259.203,773.073,46.155,9.103,120.356,0.416,5.070,0.197,0.827
634,5_8p4_28p68:slice:40,524,1187.548,913.838,1187.548,913.838,61.988,10.763,119.646,0.378,5.759,0.174,0.850
635,5_8p4_28p68:slice:40,234,259.842,924.679,259.842,924.679,45.717,6.517,159.251,0.292,7.015,0.143,0.671
636,5_8p4_28p68:slice:40,433,131.154,971.615,131.154,971.615,61.058,9.029,120.798,0.328,6.762,0.148,0.796
637,5_8p4_28p68:slice:40,331,665.455,995.313,665.455,995.313,48.492,8.691,117.782,0.387,5.580,0.179,0.815
638,5_8p4_28p68:slice:40,383,217.923,1008.270,217.923,1008.270,55.033,8.861,119.040,0.352,6.211,0.161,0.808
639,5_8p4_28p68:slice:40,2084,561.123,1063.703,561.123,1063.703,86.799,30.570,114.287,0.532,2.839,0.352,0.892
640,5_8p4_28p68:slice:40,332,1154.232,1046.575,1154.232,1046.575,49.179,8.595,117.243,0.378,5.722,0.175,0.817
641,5_8p4_28p68:slice:40,346,747.130,1204.896,747.130,1204.896,50.025,8.806,115.330,0.375,5.681,0.176,0.809
642,5_8p4_28p68:slice:40,281,121.297,1237.450,121.297,1237.450,23.836,15.010,156.631,0.431,1.588,0.630,0.696
643,5_8p4_28p68:slice:41,1165,771.006,270.399,771.006,270.399,84.049,17.648,112.963,0.417,4.762,0.210,0.869
644,5_8p4_28p68:slice:41,43,259.128,285.895,259.128,285.895,9.165,5.974,29.783,0.927,1.534,0.652,0.915
645,5_8p4_28p68:slice:41,60,1115.250,367.133,1115.250,367.133,9.736,7.846,27.908,0.952,1.241,0.806,0.930
646,5_8p4_28p68:slice:41,1798,219.926,426.599,219.926,426.599,83.612,27.380,119.224,0.553,3.054,0.327,0.884
647,5_8p4_28p68:slice:41,2103,527.851,626.614,527.851,626.614,85.667,31.256,123.031,0.563,2.741,0.365,0.899
648,5_8p4_28p68:slice:41,1772,965.735,732.473,965.735,732.473,74.647,30.225,130.208,0.568,2.470,0.405,0.873
649,5_8p4_28p68:slice:41,213,1261.871,774.007,1261.871,774.007,26.621,10.187,82.674,0.677,2.613,0.383,0.887
650,5_8p4_28p68:slice:41,384,1190.576,914.818,1190.576,914.818,35.552,13.752,86.486,0.672,2.585,0.387,0.920
651,5_8p4_28p68:slice:41,234,259.842,924.679,259.842,924.679,45.717,6.517,159.251,0.292,7.015,0.143,0.671
652,5_8p4_28p68:slice:41,275,134.475,972.671,134.475,972.671,34.200,10.238,80.513,0.585,3.341,0.299,0.899
653,5_8p4_28p68:slice:41,194,668.119,996.500,668.119,996.500,24.764,9.975,77.396,0.690,2.483,0.403,0.902
654,5_8p4_28p68:slice:41,229,220.836,1009.566,220.836,1009.566,28.894,10.091,77.544,0.639,2.863,0.349,0.902
655,5_8p4_28p68:slice:41,1749,564.093,1066.763,564.093,1066.763,85.700,25.985,118.080,0.499,3.298,0.303,0.870
656,5_8p4_28p68:slice:41,190,1156.858,1047.979,1156.858,1047.979,24.146,10.019,76.895,0.723,2.410,0.415,0.909
657,5_8p4_28p68:slice:41,185,749.478,1207.565,749.478,1207.565,23.334,10.095,71.438,0.734,2.312,0.433,0.902
658,5_8p4_28p68:slice:41,283,121.302,1237.472,121.302,1237.472,23.845,15.111,157.022,0.443,1.578,0.634,0.701
